database,service,phase,status,table_name,chinese_name,field_order,field_name,data_type,meaning,rules
eap_user,user-service,第一迭代,已迁移,sys_tenant,租户表,1,id,BIGINT,租户主键,全局唯一，Java Long
eap_user,user-service,第一迭代,已迁移,sys_tenant,租户表,2,tenant_code,VARCHAR(50),租户编码,全局唯一；登录时识别租户；创建后原则上不修改
eap_user,user-service,第一迭代,已迁移,sys_tenant,租户表,3,tenant_name,VARCHAR(100),租户名称,
eap_user,user-service,第一迭代,已迁移,sys_tenant,租户表,4,status,TINYINT,租户状态,0-禁用；1-启用
eap_user,user-service,第一迭代,已迁移,sys_tenant,租户表,5,contact_name,VARCHAR(50),联系人姓名,可为空
eap_user,user-service,第一迭代,已迁移,sys_tenant,租户表,6,contact_email,VARCHAR(100),联系人邮箱,可为空；敏感信息
eap_user,user-service,第一迭代,已迁移,sys_tenant,租户表,7,expire_time,DATETIME(3),租户到期时间,可为空表示暂不限制
eap_user,user-service,第一迭代,已迁移,sys_tenant,租户表,8,version,INT,乐观锁版本号,默认 0
eap_user,user-service,第一迭代,已迁移,sys_tenant,租户表,9,deleted,TINYINT,逻辑删除标记,0-未删除；1-已删除
eap_user,user-service,第一迭代,已迁移,sys_tenant,租户表,10,created_by,BIGINT,创建人用户编号,可为空
eap_user,user-service,第一迭代,已迁移,sys_tenant,租户表,11,created_at,DATETIME(3),创建时间,默认当前时间，毫秒精度
eap_user,user-service,第一迭代,已迁移,sys_tenant,租户表,12,updated_by,BIGINT,最后更新人用户编号,可为空
eap_user,user-service,第一迭代,已迁移,sys_tenant,租户表,13,updated_at,DATETIME(3),最后更新时间,更新时自动刷新
eap_user,user-service,第一迭代,已迁移,sys_user,用户表,1,id,BIGINT,用户主键,
eap_user,user-service,第一迭代,已迁移,sys_user,用户表,2,tenant_id,BIGINT,所属租户编号,所有查询必须同时带 tenant_id
eap_user,user-service,第一迭代,已迁移,sys_user,用户表,3,username,VARCHAR(50),登录用户名,同一租户内唯一
eap_user,user-service,第一迭代,已迁移,sys_user,用户表,4,password_hash,VARCHAR(100),BCrypt 密码摘要,禁止明文保存或日志输出
eap_user,user-service,第一迭代,已迁移,sys_user,用户表,5,display_name,VARCHAR(100),用户显示名称,
eap_user,user-service,第一迭代,已迁移,sys_user,用户表,6,email,VARCHAR(100),用户邮箱,可为空；租户内非空值唯一；敏感
eap_user,user-service,第一迭代,已迁移,sys_user,用户表,7,mobile,VARCHAR(30),用户手机号,可为空；敏感
eap_user,user-service,第一迭代,已迁移,sys_user,用户表,8,avatar_url,VARCHAR(500),头像资源地址,可为空
eap_user,user-service,第一迭代,已迁移,sys_user,用户表,9,status,TINYINT,用户状态,0-禁用；1-启用；2-锁定
eap_user,user-service,第一迭代,已迁移,sys_user,用户表,10,login_fail_count,INT,连续登录失败次数,默认 0；登录成功后清零
eap_user,user-service,第一迭代,已迁移,sys_user,用户表,11,locked_until,DATETIME(3),临时锁定截止时间,可为空
eap_user,user-service,第一迭代,已迁移,sys_user,用户表,12,password_changed_at,DATETIME(3),密码最后修改时间,可为空
eap_user,user-service,第一迭代,已迁移,sys_user,用户表,13,last_login_at,DATETIME(3),最后成功登录时间,可为空
eap_user,user-service,第一迭代,已迁移,sys_user,用户表,14,last_login_ip,VARCHAR(64),最后成功登录 IP,兼容 IPv4/IPv6；敏感
eap_user,user-service,第一迭代,已迁移,sys_user,用户表,15,version,INT,乐观锁版本号,默认 0
eap_user,user-service,第一迭代,已迁移,sys_user,用户表,16,deleted,TINYINT,逻辑删除标记,0-未删除；1-已删除
eap_user,user-service,第一迭代,已迁移,sys_user,用户表,17,created_by,BIGINT,创建人用户编号,
eap_user,user-service,第一迭代,已迁移,sys_user,用户表,18,created_at,DATETIME(3),创建时间,
eap_user,user-service,第一迭代,已迁移,sys_user,用户表,19,updated_by,BIGINT,最后更新人用户编号,
eap_user,user-service,第一迭代,已迁移,sys_user,用户表,20,updated_at,DATETIME(3),最后更新时间,
eap_user,user-service,第一迭代,已迁移,sys_role,角色表,1,id,BIGINT,角色主键,
eap_user,user-service,第一迭代,已迁移,sys_role,角色表,2,tenant_id,BIGINT,所属租户编号,
eap_user,user-service,第一迭代,已迁移,sys_role,角色表,3,role_code,VARCHAR(100),角色编码,租户内唯一；程序权限判断使用
eap_user,user-service,第一迭代,已迁移,sys_role,角色表,4,role_name,VARCHAR(100),角色名称,
eap_user,user-service,第一迭代,已迁移,sys_role,角色表,5,description,VARCHAR(500),角色说明,可为空
eap_user,user-service,第一迭代,已迁移,sys_role,角色表,6,built_in,TINYINT,是否内置角色,0-否；1-是
eap_user,user-service,第一迭代,已迁移,sys_role,角色表,7,status,TINYINT,角色状态,0-禁用；1-启用
eap_user,user-service,第一迭代,已迁移,sys_role,角色表,8,sort_order,INT,展示排序值,默认 0
eap_user,user-service,第一迭代,已迁移,sys_role,角色表,9,version,INT,乐观锁版本号,
eap_user,user-service,第一迭代,已迁移,sys_role,角色表,10,deleted,TINYINT,逻辑删除标记,
eap_user,user-service,第一迭代,已迁移,sys_role,角色表,11,created_by,BIGINT,创建人用户编号,
eap_user,user-service,第一迭代,已迁移,sys_role,角色表,12,created_at,DATETIME(3),创建时间,
eap_user,user-service,第一迭代,已迁移,sys_role,角色表,13,updated_by,BIGINT,最后更新人用户编号,
eap_user,user-service,第一迭代,已迁移,sys_role,角色表,14,updated_at,DATETIME(3),最后更新时间,
eap_user,user-service,第一迭代,已迁移,sys_permission,权限表,1,id,BIGINT,权限主键,
eap_user,user-service,第一迭代,已迁移,sys_permission,权限表,2,permission_code,VARCHAR(150),权限编码,全局唯一；格式：资源:动作
eap_user,user-service,第一迭代,已迁移,sys_permission,权限表,3,permission_name,VARCHAR(100),权限名称,
eap_user,user-service,第一迭代,已迁移,sys_permission,权限表,4,permission_type,TINYINT,权限类型,1-菜单；2-按钮；3-接口
eap_user,user-service,第一迭代,已迁移,sys_permission,权限表,5,parent_id,BIGINT,父权限编号,0 表示根节点
eap_user,user-service,第一迭代,已迁移,sys_permission,权限表,6,resource_path,VARCHAR(255),资源路径,菜单路由或接口路径；可为空
eap_user,user-service,第一迭代,已迁移,sys_permission,权限表,7,http_method,VARCHAR(10),HTTP 请求方法,GET/POST/PUT/PATCH/DELETE；可为空
eap_user,user-service,第一迭代,已迁移,sys_permission,权限表,8,description,VARCHAR(500),权限说明,
eap_user,user-service,第一迭代,已迁移,sys_permission,权限表,9,sort_order,INT,展示排序值,
eap_user,user-service,第一迭代,已迁移,sys_permission,权限表,10,status,TINYINT,权限状态,0-禁用；1-启用
eap_user,user-service,第一迭代,已迁移,sys_permission,权限表,11,version,INT,乐观锁版本号,
eap_user,user-service,第一迭代,已迁移,sys_permission,权限表,12,deleted,TINYINT,逻辑删除标记,
eap_user,user-service,第一迭代,已迁移,sys_permission,权限表,13,created_by,BIGINT,创建人用户编号,
eap_user,user-service,第一迭代,已迁移,sys_permission,权限表,14,created_at,DATETIME(3),创建时间,
eap_user,user-service,第一迭代,已迁移,sys_permission,权限表,15,updated_by,BIGINT,最后更新人用户编号,
eap_user,user-service,第一迭代,已迁移,sys_permission,权限表,16,updated_at,DATETIME(3),最后更新时间,
eap_user,user-service,第一迭代,已迁移,sys_user_role,用户角色关联表,1,id,BIGINT,关联记录主键,
eap_user,user-service,第一迭代,已迁移,sys_user_role,用户角色关联表,2,tenant_id,BIGINT,所属租户编号,
eap_user,user-service,第一迭代,已迁移,sys_user_role,用户角色关联表,3,user_id,BIGINT,用户编号,
eap_user,user-service,第一迭代,已迁移,sys_user_role,用户角色关联表,4,role_id,BIGINT,角色编号,
eap_user,user-service,第一迭代,已迁移,sys_user_role,用户角色关联表,5,created_by,BIGINT,创建人用户编号,
eap_user,user-service,第一迭代,已迁移,sys_user_role,用户角色关联表,6,created_at,DATETIME(3),创建时间,
eap_user,user-service,第一迭代,已迁移,sys_role_permission,角色权限关联表,1,id,BIGINT,关联记录主键,
eap_user,user-service,第一迭代,已迁移,sys_role_permission,角色权限关联表,2,tenant_id,BIGINT,授权所属租户编号,
eap_user,user-service,第一迭代,已迁移,sys_role_permission,角色权限关联表,3,role_id,BIGINT,角色编号,
eap_user,user-service,第一迭代,已迁移,sys_role_permission,角色权限关联表,4,permission_id,BIGINT,权限编号,
eap_user,user-service,第一迭代,已迁移,sys_role_permission,角色权限关联表,5,created_by,BIGINT,创建人用户编号,
eap_user,user-service,第一迭代,已迁移,sys_role_permission,角色权限关联表,6,created_at,DATETIME(3),创建时间,
eap_ai,ai-service,第一迭代,已迁移,ai_conversation,AI 会话表,1,id,BIGINT,会话主键,
eap_ai,ai-service,第一迭代,已迁移,ai_conversation,AI 会话表,2,tenant_id,BIGINT,所属租户编号,
eap_ai,ai-service,第一迭代,已迁移,ai_conversation,AI 会话表,3,user_id,BIGINT,会话所属用户编号,逻辑关联 sys_user.id，不建跨服务外键
eap_ai,ai-service,第一迭代,已迁移,ai_conversation,AI 会话表,4,title,VARCHAR(200),会话标题,
eap_ai,ai-service,第一迭代,已迁移,ai_conversation,AI 会话表,5,knowledge_base_id,BIGINT,关联知识库编号,第一迭代为空
eap_ai,ai-service,第一迭代,已迁移,ai_conversation,AI 会话表,6,model_code,VARCHAR(100),会话默认模型编码,可为空
eap_ai,ai-service,第一迭代,已迁移,ai_conversation,AI 会话表,7,status,TINYINT,会话状态,1-正常；2-归档
eap_ai,ai-service,第一迭代,已迁移,ai_conversation,AI 会话表,8,message_count,INT,会话消息数量,默认 0，新增消息时维护
eap_ai,ai-service,第一迭代,已迁移,ai_conversation,AI 会话表,9,last_message_at,DATETIME(3),最后消息时间,可为空
eap_ai,ai-service,第一迭代,已迁移,ai_conversation,AI 会话表,10,version,INT,乐观锁版本号,
eap_ai,ai-service,第一迭代,已迁移,ai_conversation,AI 会话表,11,deleted,TINYINT,逻辑删除标记,
eap_ai,ai-service,第一迭代,已迁移,ai_conversation,AI 会话表,12,created_by,BIGINT,创建人用户编号,
eap_ai,ai-service,第一迭代,已迁移,ai_conversation,AI 会话表,13,created_at,DATETIME(3),创建时间,
eap_ai,ai-service,第一迭代,已迁移,ai_conversation,AI 会话表,14,updated_by,BIGINT,最后更新人用户编号,
eap_ai,ai-service,第一迭代,已迁移,ai_conversation,AI 会话表,15,updated_at,DATETIME(3),最后更新时间,
eap_ai,ai-service,第一迭代,已迁移,ai_message,AI 消息表,1,id,BIGINT,消息主键,
eap_ai,ai-service,第一迭代,已迁移,ai_message,AI 消息表,2,tenant_id,BIGINT,所属租户编号,
eap_ai,ai-service,第一迭代,已迁移,ai_message,AI 消息表,3,conversation_id,BIGINT,所属会话编号,
eap_ai,ai-service,第一迭代,已迁移,ai_message,AI 消息表,4,user_id,BIGINT,会话所属用户编号,
eap_ai,ai-service,第一迭代,已迁移,ai_message,AI 消息表,5,parent_message_id,BIGINT,父消息编号,支持重新生成和消息树；可为空
eap_ai,ai-service,第一迭代,已迁移,ai_message,AI 消息表,6,client_message_id,VARCHAR(64),客户端消息唯一编号,用于幂等；可为空
eap_ai,ai-service,第一迭代,已迁移,ai_message,AI 消息表,7,request_id,VARCHAR(64),请求链路编号,可为空
eap_ai,ai-service,第一迭代,已迁移,ai_message,AI 消息表,8,role,VARCHAR(20),消息角色,SYSTEM/USER/ASSISTANT/TOOL
eap_ai,ai-service,第一迭代,已迁移,ai_message,AI 消息表,9,content_type,VARCHAR(20),内容类型,默认 TEXT
eap_ai,ai-service,第一迭代,已迁移,ai_message,AI 消息表,10,content,MEDIUMTEXT,消息正文,可能包含企业敏感信息
eap_ai,ai-service,第一迭代,已迁移,ai_message,AI 消息表,11,message_status,TINYINT,消息状态,1-完成；2-生成中；3-失败
eap_ai,ai-service,第一迭代,已迁移,ai_message,AI 消息表,12,model_code,VARCHAR(100),生成消息使用的模型编码,
eap_ai,ai-service,第一迭代,已迁移,ai_message,AI 消息表,13,prompt_tokens,INT,输入 Token 数量,默认 0
eap_ai,ai-service,第一迭代,已迁移,ai_message,AI 消息表,14,completion_tokens,INT,输出 Token 数量,默认 0
eap_ai,ai-service,第一迭代,已迁移,ai_message,AI 消息表,15,total_tokens,INT,总 Token 数量,默认 0
eap_ai,ai-service,第一迭代,已迁移,ai_message,AI 消息表,16,latency_ms,BIGINT,模型调用耗时,单位毫秒
eap_ai,ai-service,第一迭代,已迁移,ai_message,AI 消息表,17,finish_reason,VARCHAR(50),模型停止原因,
eap_ai,ai-service,第一迭代,已迁移,ai_message,AI 消息表,18,error_code,VARCHAR(100),失败错误码,
eap_ai,ai-service,第一迭代,已迁移,ai_message,AI 消息表,19,metadata_json,JSON,扩展元数据,禁止放入密钥
eap_ai,ai-service,第一迭代,已迁移,ai_message,AI 消息表,20,created_at,DATETIME(3),创建时间,
eap_ai,ai-service,第一迭代,已迁移,ai_message,AI 消息表,21,updated_at,DATETIME(3),更新时间,
eap_user,user-service,认证与组织增强,规划,sys_department,部门表,1,id,BIGINT,部门主键,
eap_user,user-service,认证与组织增强,规划,sys_department,部门表,2,tenant_id,BIGINT,所属租户编号,
eap_user,user-service,认证与组织增强,规划,sys_department,部门表,3,parent_id,BIGINT,父部门编号,0 表示根部门
eap_user,user-service,认证与组织增强,规划,sys_department,部门表,4,department_code,VARCHAR(100),部门编码,租户内唯一
eap_user,user-service,认证与组织增强,规划,sys_department,部门表,5,department_name,VARCHAR(100),部门名称,
eap_user,user-service,认证与组织增强,规划,sys_department,部门表,6,leader_user_id,BIGINT,部门负责人用户编号,可为空
eap_user,user-service,认证与组织增强,规划,sys_department,部门表,7,path,VARCHAR(1000),祖先路径,示例 /1/10/103/，便于子树查询
eap_user,user-service,认证与组织增强,规划,sys_department,部门表,8,level,INT,组织层级,根部门为 1
eap_user,user-service,认证与组织增强,规划,sys_department,部门表,9,sort_order,INT,同级展示顺序,
eap_user,user-service,认证与组织增强,规划,sys_department,部门表,10,status,TINYINT,部门状态,0-禁用；1-启用
eap_user,user-service,认证与组织增强,规划,sys_department,部门表,11,version,INT,乐观锁版本号,
eap_user,user-service,认证与组织增强,规划,sys_department,部门表,12,deleted,TINYINT,逻辑删除标记,
eap_user,user-service,认证与组织增强,规划,sys_department,部门表,13,created_by,BIGINT,创建人用户编号,
eap_user,user-service,认证与组织增强,规划,sys_department,部门表,14,created_at,DATETIME(3),创建时间,
eap_user,user-service,认证与组织增强,规划,sys_department,部门表,15,updated_by,BIGINT,最后更新人用户编号,
eap_user,user-service,认证与组织增强,规划,sys_department,部门表,16,updated_at,DATETIME(3),最后更新时间,
eap_user,user-service,认证与组织增强,规划,sys_user_department,用户部门关联表,1,id,BIGINT,关联主键,
eap_user,user-service,认证与组织增强,规划,sys_user_department,用户部门关联表,2,tenant_id,BIGINT,所属租户编号,
eap_user,user-service,认证与组织增强,规划,sys_user_department,用户部门关联表,3,user_id,BIGINT,用户编号,
eap_user,user-service,认证与组织增强,规划,sys_user_department,用户部门关联表,4,department_id,BIGINT,部门编号,
eap_user,user-service,认证与组织增强,规划,sys_user_department,用户部门关联表,5,primary_flag,TINYINT,是否主部门,0-否；1-是
eap_user,user-service,认证与组织增强,规划,sys_user_department,用户部门关联表,6,position_name,VARCHAR(100),用户在该部门的岗位名称,可为空
eap_user,user-service,认证与组织增强,规划,sys_user_department,用户部门关联表,7,created_by,BIGINT,创建人用户编号,
eap_user,user-service,认证与组织增强,规划,sys_user_department,用户部门关联表,8,created_at,DATETIME(3),创建时间,
eap_user,auth-service,认证与组织增强,规划,sys_login_audit,登录审计表,1,id,BIGINT,审计记录主键,
eap_user,auth-service,认证与组织增强,规划,sys_login_audit,登录审计表,2,tenant_id,BIGINT,解析后的租户编号,未识别时可为空
eap_user,auth-service,认证与组织增强,规划,sys_login_audit,登录审计表,3,tenant_code,VARCHAR(50),登录请求中的租户编码,
eap_user,auth-service,认证与组织增强,规划,sys_login_audit,登录审计表,4,user_id,BIGINT,解析后的用户编号,登录失败时可为空
eap_user,auth-service,认证与组织增强,规划,sys_login_audit,登录审计表,5,username,VARCHAR(50),登录请求用户名,按脱敏策略展示
eap_user,auth-service,认证与组织增强,规划,sys_login_audit,登录审计表,6,login_type,VARCHAR(30),登录方式,PASSWORD/SSO/API_CLIENT
eap_user,auth-service,认证与组织增强,规划,sys_login_audit,登录审计表,7,login_result,VARCHAR(20),登录结果,SUCCESS/FAILURE/LOCKED/LOGOUT
eap_user,auth-service,认证与组织增强,规划,sys_login_audit,登录审计表,8,failure_reason,VARCHAR(100),失败原因编码,不得记录明文密码
eap_user,auth-service,认证与组织增强,规划,sys_login_audit,登录审计表,9,client_ip,VARCHAR(64),客户端 IP,敏感
eap_user,auth-service,认证与组织增强,规划,sys_login_audit,登录审计表,10,user_agent,VARCHAR(1000),客户端 User-Agent,敏感
eap_user,auth-service,认证与组织增强,规划,sys_login_audit,登录审计表,11,device_id,VARCHAR(128),客户端设备标识,可为空；敏感
eap_user,auth-service,认证与组织增强,规划,sys_login_audit,登录审计表,12,request_id,VARCHAR(64),请求链路编号,
eap_user,auth-service,认证与组织增强,规划,sys_login_audit,登录审计表,13,occurred_at,DATETIME(3),事件发生时间,
eap_user,user-service,认证与组织增强,规划,sys_operation_audit,操作审计表,1,id,BIGINT,审计记录主键,
eap_user,user-service,认证与组织增强,规划,sys_operation_audit,操作审计表,2,tenant_id,BIGINT,所属租户编号,
eap_user,user-service,认证与组织增强,规划,sys_operation_audit,操作审计表,3,user_id,BIGINT,操作者用户编号,系统任务可为空
eap_user,user-service,认证与组织增强,规划,sys_operation_audit,操作审计表,4,service_name,VARCHAR(100),执行操作的服务名,
eap_user,user-service,认证与组织增强,规划,sys_operation_audit,操作审计表,5,operation_type,VARCHAR(50),操作类型,CREATE/UPDATE/DELETE/EXPORT/GRANT 等
eap_user,user-service,认证与组织增强,规划,sys_operation_audit,操作审计表,6,resource_type,VARCHAR(100),被操作资源类型,
eap_user,user-service,认证与组织增强,规划,sys_operation_audit,操作审计表,7,resource_id,VARCHAR(100),被操作资源编号,
eap_user,user-service,认证与组织增强,规划,sys_operation_audit,操作审计表,8,request_method,VARCHAR(10),HTTP 方法,
eap_user,user-service,认证与组织增强,规划,sys_operation_audit,操作审计表,9,request_path,VARCHAR(500),请求路径,
eap_user,user-service,认证与组织增强,规划,sys_operation_audit,操作审计表,10,request_id,VARCHAR(64),请求链路编号,
eap_user,user-service,认证与组织增强,规划,sys_operation_audit,操作审计表,11,client_ip,VARCHAR(64),客户端 IP,敏感
eap_user,user-service,认证与组织增强,规划,sys_operation_audit,操作审计表,12,result_status,VARCHAR(20),执行结果,SUCCESS/FAILURE
eap_user,user-service,认证与组织增强,规划,sys_operation_audit,操作审计表,13,error_code,VARCHAR(100),失败错误码,
eap_user,user-service,认证与组织增强,规划,sys_operation_audit,操作审计表,14,summary,VARCHAR(1000),可读操作摘要,不得包含密码或密钥
eap_user,user-service,认证与组织增强,规划,sys_operation_audit,操作审计表,15,detail_json,JSON,变更前后差异或附加信息,字段级脱敏
eap_user,user-service,认证与组织增强,规划,sys_operation_audit,操作审计表,16,occurred_at,DATETIME(3),操作发生时间,
eap_ai,ai-service,模型与 Prompt 管理,规划,ai_model_provider,模型供应商配置表,1,id,BIGINT,供应商配置主键,
eap_ai,ai-service,模型与 Prompt 管理,规划,ai_model_provider,模型供应商配置表,2,tenant_id,BIGINT,所属租户编号,
eap_ai,ai-service,模型与 Prompt 管理,规划,ai_model_provider,模型供应商配置表,3,provider_code,VARCHAR(100),供应商配置编码,租户内唯一
eap_ai,ai-service,模型与 Prompt 管理,规划,ai_model_provider,模型供应商配置表,4,provider_name,VARCHAR(100),供应商显示名称,
eap_ai,ai-service,模型与 Prompt 管理,规划,ai_model_provider,模型供应商配置表,5,provider_type,VARCHAR(50),供应商类型,OPENAI_COMPATIBLE/AZURE_OPENAI/OLLAMA 等
eap_ai,ai-service,模型与 Prompt 管理,规划,ai_model_provider,模型供应商配置表,6,base_url,VARCHAR(500),API 基础地址,
eap_ai,ai-service,模型与 Prompt 管理,规划,ai_model_provider,模型供应商配置表,7,api_key_ciphertext,TEXT,加密后的 API Key,仅保存密文，禁止接口回显
eap_ai,ai-service,模型与 Prompt 管理,规划,ai_model_provider,模型供应商配置表,8,secret_version,INT,密钥版本号,用于轮换
eap_ai,ai-service,模型与 Prompt 管理,规划,ai_model_provider,模型供应商配置表,9,timeout_ms,INT,请求超时时间,单位毫秒
eap_ai,ai-service,模型与 Prompt 管理,规划,ai_model_provider,模型供应商配置表,10,proxy_url,VARCHAR(500),可选代理地址,敏感
eap_ai,ai-service,模型与 Prompt 管理,规划,ai_model_provider,模型供应商配置表,11,config_json,JSON,供应商扩展配置,禁止保存明文密钥
eap_ai,ai-service,模型与 Prompt 管理,规划,ai_model_provider,模型供应商配置表,12,status,TINYINT,配置状态,0-禁用；1-启用
eap_ai,ai-service,模型与 Prompt 管理,规划,ai_model_provider,模型供应商配置表,13,version,INT,乐观锁版本号,
eap_ai,ai-service,模型与 Prompt 管理,规划,ai_model_provider,模型供应商配置表,14,deleted,TINYINT,逻辑删除标记,
eap_ai,ai-service,模型与 Prompt 管理,规划,ai_model_provider,模型供应商配置表,15,created_by,BIGINT,创建人用户编号,
eap_ai,ai-service,模型与 Prompt 管理,规划,ai_model_provider,模型供应商配置表,16,created_at,DATETIME(3),创建时间,
eap_ai,ai-service,模型与 Prompt 管理,规划,ai_model_provider,模型供应商配置表,17,updated_by,BIGINT,最后更新人用户编号,
eap_ai,ai-service,模型与 Prompt 管理,规划,ai_model_provider,模型供应商配置表,18,updated_at,DATETIME(3),最后更新时间,
eap_ai,ai-service,模型与 Prompt 管理,规划,ai_model,模型定义表,1,id,BIGINT,模型主键,
eap_ai,ai-service,模型与 Prompt 管理,规划,ai_model,模型定义表,2,tenant_id,BIGINT,所属租户编号,
eap_ai,ai-service,模型与 Prompt 管理,规划,ai_model,模型定义表,3,provider_id,BIGINT,模型供应商配置编号,
eap_ai,ai-service,模型与 Prompt 管理,规划,ai_model,模型定义表,4,model_code,VARCHAR(100),平台模型编码,租户内唯一，业务引用使用
eap_ai,ai-service,模型与 Prompt 管理,规划,ai_model,模型定义表,5,remote_model_name,VARCHAR(200),供应商侧模型名称,
eap_ai,ai-service,模型与 Prompt 管理,规划,ai_model,模型定义表,6,model_name,VARCHAR(100),平台显示名称,
eap_ai,ai-service,模型与 Prompt 管理,规划,ai_model,模型定义表,7,model_type,VARCHAR(30),模型类型,CHAT/EMBEDDING/RERANK/MULTIMODAL
eap_ai,ai-service,模型与 Prompt 管理,规划,ai_model,模型定义表,8,context_window,INT,上下文窗口 Token 上限,
eap_ai,ai-service,模型与 Prompt 管理,规划,ai_model,模型定义表,9,max_output_tokens,INT,最大输出 Token 数,
eap_ai,ai-service,模型与 Prompt 管理,规划,ai_model,模型定义表,10,supports_streaming,TINYINT,是否支持流式输出,
eap_ai,ai-service,模型与 Prompt 管理,规划,ai_model,模型定义表,11,supports_tools,TINYINT,是否支持工具调用,
eap_ai,ai-service,模型与 Prompt 管理,规划,ai_model,模型定义表,12,supports_json,TINYINT,是否支持结构化 JSON 输出,
eap_ai,ai-service,模型与 Prompt 管理,规划,ai_model,模型定义表,13,supports_vision,TINYINT,是否支持图片输入,
eap_ai,ai-service,模型与 Prompt 管理,规划,ai_model,模型定义表,14,default_temperature,"DECIMAL(5,4)",默认温度参数,
eap_ai,ai-service,模型与 Prompt 管理,规划,ai_model,模型定义表,15,input_price_per_million,"DECIMAL(18,6)",每百万输入 Token 价格,
eap_ai,ai-service,模型与 Prompt 管理,规划,ai_model,模型定义表,16,output_price_per_million,"DECIMAL(18,6)",每百万输出 Token 价格,
eap_ai,ai-service,模型与 Prompt 管理,规划,ai_model,模型定义表,17,currency,VARCHAR(10),计费币种,ISO 4217 代码
eap_ai,ai-service,模型与 Prompt 管理,规划,ai_model,模型定义表,18,config_json,JSON,模型扩展参数,
eap_ai,ai-service,模型与 Prompt 管理,规划,ai_model,模型定义表,19,status,TINYINT,模型状态,
eap_ai,ai-service,模型与 Prompt 管理,规划,ai_model,模型定义表,20,version,INT,乐观锁版本号,
eap_ai,ai-service,模型与 Prompt 管理,规划,ai_model,模型定义表,21,deleted,TINYINT,逻辑删除标记,
eap_ai,ai-service,模型与 Prompt 管理,规划,ai_model,模型定义表,22,created_by,BIGINT,创建人用户编号,
eap_ai,ai-service,模型与 Prompt 管理,规划,ai_model,模型定义表,23,created_at,DATETIME(3),创建时间,
eap_ai,ai-service,模型与 Prompt 管理,规划,ai_model,模型定义表,24,updated_by,BIGINT,最后更新人用户编号,
eap_ai,ai-service,模型与 Prompt 管理,规划,ai_model,模型定义表,25,updated_at,DATETIME(3),最后更新时间,
eap_ai,ai-service,模型与 Prompt 管理,规划,ai_prompt_template,Prompt 模板表,1,id,BIGINT,模板主键,
eap_ai,ai-service,模型与 Prompt 管理,规划,ai_prompt_template,Prompt 模板表,2,tenant_id,BIGINT,所属租户编号,
eap_ai,ai-service,模型与 Prompt 管理,规划,ai_prompt_template,Prompt 模板表,3,prompt_code,VARCHAR(100),Prompt 编码,租户内唯一
eap_ai,ai-service,模型与 Prompt 管理,规划,ai_prompt_template,Prompt 模板表,4,prompt_name,VARCHAR(150),Prompt 名称,
eap_ai,ai-service,模型与 Prompt 管理,规划,ai_prompt_template,Prompt 模板表,5,prompt_category,VARCHAR(50),Prompt 分类,CHAT/RAG/AGENT/EVALUATION 等
eap_ai,ai-service,模型与 Prompt 管理,规划,ai_prompt_template,Prompt 模板表,6,description,VARCHAR(1000),模板用途说明,
eap_ai,ai-service,模型与 Prompt 管理,规划,ai_prompt_template,Prompt 模板表,7,active_version_id,BIGINT,当前生效版本编号,
eap_ai,ai-service,模型与 Prompt 管理,规划,ai_prompt_template,Prompt 模板表,8,status,TINYINT,模板状态,
eap_ai,ai-service,模型与 Prompt 管理,规划,ai_prompt_template,Prompt 模板表,9,version,INT,乐观锁版本号,
eap_ai,ai-service,模型与 Prompt 管理,规划,ai_prompt_template,Prompt 模板表,10,deleted,TINYINT,逻辑删除标记,
eap_ai,ai-service,模型与 Prompt 管理,规划,ai_prompt_template,Prompt 模板表,11,created_by,BIGINT,创建人用户编号,
eap_ai,ai-service,模型与 Prompt 管理,规划,ai_prompt_template,Prompt 模板表,12,created_at,DATETIME(3),创建时间,
eap_ai,ai-service,模型与 Prompt 管理,规划,ai_prompt_template,Prompt 模板表,13,updated_by,BIGINT,最后更新人用户编号,
eap_ai,ai-service,模型与 Prompt 管理,规划,ai_prompt_template,Prompt 模板表,14,updated_at,DATETIME(3),最后更新时间,
eap_ai,ai-service,模型与 Prompt 管理,规划,ai_prompt_version,Prompt 版本表,1,id,BIGINT,Prompt 版本主键,
eap_ai,ai-service,模型与 Prompt 管理,规划,ai_prompt_version,Prompt 版本表,2,tenant_id,BIGINT,所属租户编号,
eap_ai,ai-service,模型与 Prompt 管理,规划,ai_prompt_version,Prompt 版本表,3,template_id,BIGINT,所属 Prompt 模板编号,
eap_ai,ai-service,模型与 Prompt 管理,规划,ai_prompt_version,Prompt 版本表,4,version_no,INT,版本号,同一模板内递增
eap_ai,ai-service,模型与 Prompt 管理,规划,ai_prompt_version,Prompt 版本表,5,system_prompt,MEDIUMTEXT,系统提示词,可能包含企业策略
eap_ai,ai-service,模型与 Prompt 管理,规划,ai_prompt_version,Prompt 版本表,6,user_prompt_template,MEDIUMTEXT,用户提示词模板,使用命名变量占位符
eap_ai,ai-service,模型与 Prompt 管理,规划,ai_prompt_version,Prompt 版本表,7,variables_json,JSON,模板变量定义,名称、类型、必填、默认值
eap_ai,ai-service,模型与 Prompt 管理,规划,ai_prompt_version,Prompt 版本表,8,model_parameters_json,JSON,推荐模型参数,
eap_ai,ai-service,模型与 Prompt 管理,规划,ai_prompt_version,Prompt 版本表,9,change_note,VARCHAR(1000),版本变更说明,
eap_ai,ai-service,模型与 Prompt 管理,规划,ai_prompt_version,Prompt 版本表,10,publish_status,VARCHAR(20),发布状态,DRAFT/PUBLISHED/RETIRED
eap_ai,ai-service,模型与 Prompt 管理,规划,ai_prompt_version,Prompt 版本表,11,published_by,BIGINT,发布人用户编号,
eap_ai,ai-service,模型与 Prompt 管理,规划,ai_prompt_version,Prompt 版本表,12,published_at,DATETIME(3),发布时间,
eap_ai,ai-service,模型与 Prompt 管理,规划,ai_prompt_version,Prompt 版本表,13,created_by,BIGINT,创建人用户编号,
eap_ai,ai-service,模型与 Prompt 管理,规划,ai_prompt_version,Prompt 版本表,14,created_at,DATETIME(3),创建时间,
eap_ai,ai-service,模型与 Prompt 管理,规划,ai_message_feedback,消息反馈表,1,id,BIGINT,反馈主键,
eap_ai,ai-service,模型与 Prompt 管理,规划,ai_message_feedback,消息反馈表,2,tenant_id,BIGINT,所属租户编号,
eap_ai,ai-service,模型与 Prompt 管理,规划,ai_message_feedback,消息反馈表,3,conversation_id,BIGINT,会话编号,
eap_ai,ai-service,模型与 Prompt 管理,规划,ai_message_feedback,消息反馈表,4,message_id,BIGINT,被评价的助手消息编号,
eap_ai,ai-service,模型与 Prompt 管理,规划,ai_message_feedback,消息反馈表,5,user_id,BIGINT,反馈用户编号,
eap_ai,ai-service,模型与 Prompt 管理,规划,ai_message_feedback,消息反馈表,6,rating,TINYINT,评分,-1-差评；1-好评
eap_ai,ai-service,模型与 Prompt 管理,规划,ai_message_feedback,消息反馈表,7,feedback_type,VARCHAR(50),反馈问题类型,INACCURATE/UNSAFE/IRRELEVANT/OUTDATED 等
eap_ai,ai-service,模型与 Prompt 管理,规划,ai_message_feedback,消息反馈表,8,comment,VARCHAR(2000),用户反馈说明,敏感
eap_ai,ai-service,模型与 Prompt 管理,规划,ai_message_feedback,消息反馈表,9,issue_tags_json,JSON,问题标签集合,
eap_ai,ai-service,模型与 Prompt 管理,规划,ai_message_feedback,消息反馈表,10,corrected_answer,MEDIUMTEXT,用户提供的参考修正答案,敏感
eap_ai,ai-service,模型与 Prompt 管理,规划,ai_message_feedback,消息反馈表,11,created_at,DATETIME(3),创建时间,
eap_ai,ai-service,模型与 Prompt 管理,规划,ai_message_feedback,消息反馈表,12,updated_at,DATETIME(3),更新时间,
eap_ai,ai-service,模型与 Prompt 管理,规划,ai_model_call,模型调用记录表,1,id,BIGINT,调用记录主键,
eap_ai,ai-service,模型与 Prompt 管理,规划,ai_model_call,模型调用记录表,2,tenant_id,BIGINT,所属租户编号,
eap_ai,ai-service,模型与 Prompt 管理,规划,ai_model_call,模型调用记录表,3,request_id,VARCHAR(64),请求链路编号,
eap_ai,ai-service,模型与 Prompt 管理,规划,ai_model_call,模型调用记录表,4,conversation_id,BIGINT,关联会话编号,
eap_ai,ai-service,模型与 Prompt 管理,规划,ai_model_call,模型调用记录表,5,message_id,BIGINT,关联生成消息编号,
eap_ai,ai-service,模型与 Prompt 管理,规划,ai_model_call,模型调用记录表,6,user_id,BIGINT,发起用户编号,
eap_ai,ai-service,模型与 Prompt 管理,规划,ai_model_call,模型调用记录表,7,provider_code,VARCHAR(100),供应商配置编码,
eap_ai,ai-service,模型与 Prompt 管理,规划,ai_model_call,模型调用记录表,8,model_code,VARCHAR(100),平台模型编码,
eap_ai,ai-service,模型与 Prompt 管理,规划,ai_model_call,模型调用记录表,9,call_type,VARCHAR(30),调用类型,CHAT/EMBEDDING/RERANK/JUDGE
eap_ai,ai-service,模型与 Prompt 管理,规划,ai_model_call,模型调用记录表,10,call_status,VARCHAR(20),调用状态,SUCCESS/FAILURE/TIMEOUT/CANCELLED
eap_ai,ai-service,模型与 Prompt 管理,规划,ai_model_call,模型调用记录表,11,prompt_tokens,INT,输入 Token 数,
eap_ai,ai-service,模型与 Prompt 管理,规划,ai_model_call,模型调用记录表,12,completion_tokens,INT,输出 Token 数,
eap_ai,ai-service,模型与 Prompt 管理,规划,ai_model_call,模型调用记录表,13,total_tokens,INT,总 Token 数,
eap_ai,ai-service,模型与 Prompt 管理,规划,ai_model_call,模型调用记录表,14,cached_tokens,INT,缓存 Token 数,
eap_ai,ai-service,模型与 Prompt 管理,规划,ai_model_call,模型调用记录表,15,latency_ms,BIGINT,总调用耗时,
eap_ai,ai-service,模型与 Prompt 管理,规划,ai_model_call,模型调用记录表,16,first_token_latency_ms,BIGINT,首 Token 延迟,
eap_ai,ai-service,模型与 Prompt 管理,规划,ai_model_call,模型调用记录表,17,estimated_cost,"DECIMAL(18,8)",估算费用,
eap_ai,ai-service,模型与 Prompt 管理,规划,ai_model_call,模型调用记录表,18,currency,VARCHAR(10),费用币种,
eap_ai,ai-service,模型与 Prompt 管理,规划,ai_model_call,模型调用记录表,19,error_code,VARCHAR(100),失败错误码,
eap_ai,ai-service,模型与 Prompt 管理,规划,ai_model_call,模型调用记录表,20,error_message,VARCHAR(2000),脱敏后的错误信息,
eap_ai,ai-service,模型与 Prompt 管理,规划,ai_model_call,模型调用记录表,21,request_metadata_json,JSON,脱敏请求元数据,不保存完整 Prompt 或密钥
eap_ai,ai-service,模型与 Prompt 管理,规划,ai_model_call,模型调用记录表,22,response_metadata_json,JSON,供应商响应元数据,
eap_ai,ai-service,模型与 Prompt 管理,规划,ai_model_call,模型调用记录表,23,started_at,DATETIME(3),调用开始时间,
eap_ai,ai-service,模型与 Prompt 管理,规划,ai_model_call,模型调用记录表,24,finished_at,DATETIME(3),调用结束时间,
eap_ai,ai-service,模型与 Prompt 管理,规划,ai_model_call,模型调用记录表,25,created_at,DATETIME(3),记录创建时间,
eap_knowledge,knowledge-service,RAG 与知识库,规划,kb_knowledge_base,知识库表,1,id,BIGINT,知识库主键,
eap_knowledge,knowledge-service,RAG 与知识库,规划,kb_knowledge_base,知识库表,2,tenant_id,BIGINT,所属租户编号,
eap_knowledge,knowledge-service,RAG 与知识库,规划,kb_knowledge_base,知识库表,3,kb_code,VARCHAR(100),知识库编码,租户内唯一
eap_knowledge,knowledge-service,RAG 与知识库,规划,kb_knowledge_base,知识库表,4,kb_name,VARCHAR(150),知识库名称,
eap_knowledge,knowledge-service,RAG 与知识库,规划,kb_knowledge_base,知识库表,5,description,VARCHAR(2000),知识库说明,
eap_knowledge,knowledge-service,RAG 与知识库,规划,kb_knowledge_base,知识库表,6,visibility,VARCHAR(20),可见范围,PRIVATE/TENANT/PUBLIC
eap_knowledge,knowledge-service,RAG 与知识库,规划,kb_knowledge_base,知识库表,7,owner_user_id,BIGINT,知识库负责人用户编号,
eap_knowledge,knowledge-service,RAG 与知识库,规划,kb_knowledge_base,知识库表,8,embedding_model_code,VARCHAR(100),向量模型编码,
eap_knowledge,knowledge-service,RAG 与知识库,规划,kb_knowledge_base,知识库表,9,rerank_model_code,VARCHAR(100),重排模型编码,可为空
eap_knowledge,knowledge-service,RAG 与知识库,规划,kb_knowledge_base,知识库表,10,default_retrieval_config_id,BIGINT,默认检索配置编号,可为空
eap_knowledge,knowledge-service,RAG 与知识库,规划,kb_knowledge_base,知识库表,11,status,TINYINT,知识库状态,0-禁用；1-启用；2-构建中
eap_knowledge,knowledge-service,RAG 与知识库,规划,kb_knowledge_base,知识库表,12,version,INT,乐观锁版本号,
eap_knowledge,knowledge-service,RAG 与知识库,规划,kb_knowledge_base,知识库表,13,deleted,TINYINT,逻辑删除标记,
eap_knowledge,knowledge-service,RAG 与知识库,规划,kb_knowledge_base,知识库表,14,created_by,BIGINT,创建人用户编号,
eap_knowledge,knowledge-service,RAG 与知识库,规划,kb_knowledge_base,知识库表,15,created_at,DATETIME(3),创建时间,
eap_knowledge,knowledge-service,RAG 与知识库,规划,kb_knowledge_base,知识库表,16,updated_by,BIGINT,最后更新人用户编号,
eap_knowledge,knowledge-service,RAG 与知识库,规划,kb_knowledge_base,知识库表,17,updated_at,DATETIME(3),最后更新时间,
eap_knowledge,knowledge-service,RAG 与知识库,规划,kb_knowledge_base_member,知识库成员表,1,id,BIGINT,成员授权主键,
eap_knowledge,knowledge-service,RAG 与知识库,规划,kb_knowledge_base_member,知识库成员表,2,tenant_id,BIGINT,所属租户编号,
eap_knowledge,knowledge-service,RAG 与知识库,规划,kb_knowledge_base_member,知识库成员表,3,knowledge_base_id,BIGINT,知识库编号,
eap_knowledge,knowledge-service,RAG 与知识库,规划,kb_knowledge_base_member,知识库成员表,4,subject_type,VARCHAR(20),授权主体类型,USER/DEPARTMENT/ROLE
eap_knowledge,knowledge-service,RAG 与知识库,规划,kb_knowledge_base_member,知识库成员表,5,subject_id,BIGINT,授权主体编号,
eap_knowledge,knowledge-service,RAG 与知识库,规划,kb_knowledge_base_member,知识库成员表,6,access_level,VARCHAR(20),访问级别,VIEW/EDIT/MANAGE
eap_knowledge,knowledge-service,RAG 与知识库,规划,kb_knowledge_base_member,知识库成员表,7,created_by,BIGINT,创建人用户编号,
eap_knowledge,knowledge-service,RAG 与知识库,规划,kb_knowledge_base_member,知识库成员表,8,created_at,DATETIME(3),创建时间,
eap_knowledge,knowledge-service,RAG 与知识库,规划,kb_retrieval_config,检索配置表,1,id,BIGINT,检索配置主键,
eap_knowledge,knowledge-service,RAG 与知识库,规划,kb_retrieval_config,检索配置表,2,tenant_id,BIGINT,所属租户编号,
eap_knowledge,knowledge-service,RAG 与知识库,规划,kb_retrieval_config,检索配置表,3,knowledge_base_id,BIGINT,知识库编号,
eap_knowledge,knowledge-service,RAG 与知识库,规划,kb_retrieval_config,检索配置表,4,config_name,VARCHAR(100),配置名称,
eap_knowledge,knowledge-service,RAG 与知识库,规划,kb_retrieval_config,检索配置表,5,chunk_top_k,INT,初始召回切片数量,
eap_knowledge,knowledge-service,RAG 与知识库,规划,kb_retrieval_config,检索配置表,6,rerank_top_n,INT,重排后保留数量,
eap_knowledge,knowledge-service,RAG 与知识库,规划,kb_retrieval_config,检索配置表,7,score_threshold,"DECIMAL(8,6)",最低相关性阈值,
eap_knowledge,knowledge-service,RAG 与知识库,规划,kb_retrieval_config,检索配置表,8,vector_weight,"DECIMAL(5,4)",向量检索权重,
eap_knowledge,knowledge-service,RAG 与知识库,规划,kb_retrieval_config,检索配置表,9,keyword_weight,"DECIMAL(5,4)",关键词检索权重,
eap_knowledge,knowledge-service,RAG 与知识库,规划,kb_retrieval_config,检索配置表,10,max_context_tokens,INT,送入模型的最大上下文 Token,
eap_knowledge,knowledge-service,RAG 与知识库,规划,kb_retrieval_config,检索配置表,11,query_rewrite_enabled,TINYINT,是否启用查询改写,
eap_knowledge,knowledge-service,RAG 与知识库,规划,kb_retrieval_config,检索配置表,12,multi_query_enabled,TINYINT,是否启用多查询扩展,
eap_knowledge,knowledge-service,RAG 与知识库,规划,kb_retrieval_config,检索配置表,13,metadata_filter_json,JSON,默认元数据过滤条件,
eap_knowledge,knowledge-service,RAG 与知识库,规划,kb_retrieval_config,检索配置表,14,status,TINYINT,配置状态,
eap_knowledge,knowledge-service,RAG 与知识库,规划,kb_retrieval_config,检索配置表,15,version,INT,乐观锁版本号,
eap_knowledge,knowledge-service,RAG 与知识库,规划,kb_retrieval_config,检索配置表,16,deleted,TINYINT,逻辑删除标记,
eap_knowledge,knowledge-service,RAG 与知识库,规划,kb_retrieval_config,检索配置表,17,created_by,BIGINT,创建人用户编号,
eap_knowledge,knowledge-service,RAG 与知识库,规划,kb_retrieval_config,检索配置表,18,created_at,DATETIME(3),创建时间,
eap_knowledge,knowledge-service,RAG 与知识库,规划,kb_retrieval_config,检索配置表,19,updated_by,BIGINT,最后更新人用户编号,
eap_knowledge,knowledge-service,RAG 与知识库,规划,kb_retrieval_config,检索配置表,20,updated_at,DATETIME(3),最后更新时间,
eap_knowledge,knowledge-service,RAG 与知识库,规划,kb_document,知识文档表,1,id,BIGINT,文档主键,
eap_knowledge,knowledge-service,RAG 与知识库,规划,kb_document,知识文档表,2,tenant_id,BIGINT,所属租户编号,
eap_knowledge,knowledge-service,RAG 与知识库,规划,kb_document,知识文档表,3,knowledge_base_id,BIGINT,所属知识库编号,
eap_knowledge,knowledge-service,RAG 与知识库,规划,kb_document,知识文档表,4,document_name,VARCHAR(255),文档展示名称,
eap_knowledge,knowledge-service,RAG 与知识库,规划,kb_document,知识文档表,5,source_type,VARCHAR(30),来源类型,UPLOAD/URL/WEBHOOK/DRIVE/API
eap_knowledge,knowledge-service,RAG 与知识库,规划,kb_document,知识文档表,6,source_uri,VARCHAR(1000),原始来源地址,可为空；可能包含内部地址
eap_knowledge,knowledge-service,RAG 与知识库,规划,kb_document,知识文档表,7,file_name,VARCHAR(255),原始文件名,
eap_knowledge,knowledge-service,RAG 与知识库,规划,kb_document,知识文档表,8,file_extension,VARCHAR(30),文件扩展名,
eap_knowledge,knowledge-service,RAG 与知识库,规划,kb_document,知识文档表,9,mime_type,VARCHAR(100),MIME 类型,
eap_knowledge,knowledge-service,RAG 与知识库,规划,kb_document,知识文档表,10,file_size_bytes,BIGINT,文件大小,单位字节
eap_knowledge,knowledge-service,RAG 与知识库,规划,kb_document,知识文档表,11,file_hash,VARCHAR(128),文件内容摘要,用于去重和版本识别
eap_knowledge,knowledge-service,RAG 与知识库,规划,kb_document,知识文档表,12,current_version_id,BIGINT,当前有效文档版本编号,
eap_knowledge,knowledge-service,RAG 与知识库,规划,kb_document,知识文档表,13,parsing_status,VARCHAR(20),解析状态,PENDING/RUNNING/SUCCESS/FAILED
eap_knowledge,knowledge-service,RAG 与知识库,规划,kb_document,知识文档表,14,indexing_status,VARCHAR(20),索引状态,PENDING/RUNNING/SUCCESS/FAILED
eap_knowledge,knowledge-service,RAG 与知识库,规划,kb_document,知识文档表,15,chunk_count,INT,当前版本切片数量,
eap_knowledge,knowledge-service,RAG 与知识库,规划,kb_document,知识文档表,16,language,VARCHAR(20),文档主要语言,如 zh-CN、en-US
eap_knowledge,knowledge-service,RAG 与知识库,规划,kb_document,知识文档表,17,status,TINYINT,文档状态,
eap_knowledge,knowledge-service,RAG 与知识库,规划,kb_document,知识文档表,18,version,INT,乐观锁版本号,
eap_knowledge,knowledge-service,RAG 与知识库,规划,kb_document,知识文档表,19,deleted,TINYINT,逻辑删除标记,
eap_knowledge,knowledge-service,RAG 与知识库,规划,kb_document,知识文档表,20,created_by,BIGINT,创建人用户编号,
eap_knowledge,knowledge-service,RAG 与知识库,规划,kb_document,知识文档表,21,created_at,DATETIME(3),创建时间,
eap_knowledge,knowledge-service,RAG 与知识库,规划,kb_document,知识文档表,22,updated_by,BIGINT,最后更新人用户编号,
eap_knowledge,knowledge-service,RAG 与知识库,规划,kb_document,知识文档表,23,updated_at,DATETIME(3),最后更新时间,
eap_knowledge,knowledge-service,RAG 与知识库,规划,kb_document_version,文档版本表,1,id,BIGINT,文档版本主键,
eap_knowledge,knowledge-service,RAG 与知识库,规划,kb_document_version,文档版本表,2,tenant_id,BIGINT,所属租户编号,
eap_knowledge,knowledge-service,RAG 与知识库,规划,kb_document_version,文档版本表,3,document_id,BIGINT,文档编号,
eap_knowledge,knowledge-service,RAG 与知识库,规划,kb_document_version,文档版本表,4,version_no,INT,文档版本号,同一文档内递增
eap_knowledge,knowledge-service,RAG 与知识库,规划,kb_document_version,文档版本表,5,storage_uri,VARCHAR(1000),原始文件对象存储地址,敏感
eap_knowledge,knowledge-service,RAG 与知识库,规划,kb_document_version,文档版本表,6,file_hash,VARCHAR(128),版本文件摘要,
eap_knowledge,knowledge-service,RAG 与知识库,规划,kb_document_version,文档版本表,7,extractor_code,VARCHAR(100),文本提取器编码,
eap_knowledge,knowledge-service,RAG 与知识库,规划,kb_document_version,文档版本表,8,parser_config_json,JSON,解析和切片参数快照,
eap_knowledge,knowledge-service,RAG 与知识库,规划,kb_document_version,文档版本表,9,extracted_content_uri,VARCHAR(1000),提取正文对象存储地址,敏感
eap_knowledge,knowledge-service,RAG 与知识库,规划,kb_document_version,文档版本表,10,text_length,BIGINT,提取文本字符数,
eap_knowledge,knowledge-service,RAG 与知识库,规划,kb_document_version,文档版本表,11,page_count,INT,页数或逻辑页面数,
eap_knowledge,knowledge-service,RAG 与知识库,规划,kb_document_version,文档版本表,12,version_status,VARCHAR(20),版本处理状态,PENDING/PROCESSING/READY/FAILED
eap_knowledge,knowledge-service,RAG 与知识库,规划,kb_document_version,文档版本表,13,error_message,VARCHAR(2000),脱敏后的失败说明,
eap_knowledge,knowledge-service,RAG 与知识库,规划,kb_document_version,文档版本表,14,created_by,BIGINT,创建人用户编号,
eap_knowledge,knowledge-service,RAG 与知识库,规划,kb_document_version,文档版本表,15,created_at,DATETIME(3),创建时间,
eap_knowledge,knowledge-service,RAG 与知识库,规划,kb_ingestion_task,知识摄取任务表,1,id,BIGINT,任务主键,
eap_knowledge,knowledge-service,RAG 与知识库,规划,kb_ingestion_task,知识摄取任务表,2,tenant_id,BIGINT,所属租户编号,
eap_knowledge,knowledge-service,RAG 与知识库,规划,kb_ingestion_task,知识摄取任务表,3,knowledge_base_id,BIGINT,知识库编号,
eap_knowledge,knowledge-service,RAG 与知识库,规划,kb_ingestion_task,知识摄取任务表,4,document_id,BIGINT,文档编号,
eap_knowledge,knowledge-service,RAG 与知识库,规划,kb_ingestion_task,知识摄取任务表,5,document_version_id,BIGINT,文档版本编号,
eap_knowledge,knowledge-service,RAG 与知识库,规划,kb_ingestion_task,知识摄取任务表,6,task_type,VARCHAR(30),任务类型,FULL/PARSE/CHUNK/EMBED/DELETE_INDEX
eap_knowledge,knowledge-service,RAG 与知识库,规划,kb_ingestion_task,知识摄取任务表,7,task_status,VARCHAR(20),任务状态,PENDING/RUNNING/SUCCESS/FAILED/CANCELLED
eap_knowledge,knowledge-service,RAG 与知识库,规划,kb_ingestion_task,知识摄取任务表,8,current_stage,VARCHAR(30),当前处理阶段,
eap_knowledge,knowledge-service,RAG 与知识库,规划,kb_ingestion_task,知识摄取任务表,9,progress_percent,INT,进度百分比,0 至 100
eap_knowledge,knowledge-service,RAG 与知识库,规划,kb_ingestion_task,知识摄取任务表,10,retry_count,INT,已重试次数,
eap_knowledge,knowledge-service,RAG 与知识库,规划,kb_ingestion_task,知识摄取任务表,11,max_retries,INT,最大重试次数,
eap_knowledge,knowledge-service,RAG 与知识库,规划,kb_ingestion_task,知识摄取任务表,12,error_code,VARCHAR(100),失败错误码,
eap_knowledge,knowledge-service,RAG 与知识库,规划,kb_ingestion_task,知识摄取任务表,13,error_message,VARCHAR(2000),脱敏后的失败说明,
eap_knowledge,knowledge-service,RAG 与知识库,规划,kb_ingestion_task,知识摄取任务表,14,worker_id,VARCHAR(100),执行工作节点标识,
eap_knowledge,knowledge-service,RAG 与知识库,规划,kb_ingestion_task,知识摄取任务表,15,started_at,DATETIME(3),任务开始时间,
eap_knowledge,knowledge-service,RAG 与知识库,规划,kb_ingestion_task,知识摄取任务表,16,finished_at,DATETIME(3),任务结束时间,
eap_knowledge,knowledge-service,RAG 与知识库,规划,kb_ingestion_task,知识摄取任务表,17,created_at,DATETIME(3),任务创建时间,
eap_knowledge,knowledge-service,RAG 与知识库,规划,kb_ingestion_task,知识摄取任务表,18,updated_at,DATETIME(3),任务更新时间,
eap_knowledge,knowledge-service,RAG 与知识库,规划,kb_document_chunk,文档切片表,1,id,BIGINT,切片主键,
eap_knowledge,knowledge-service,RAG 与知识库,规划,kb_document_chunk,文档切片表,2,tenant_id,BIGINT,所属租户编号,
eap_knowledge,knowledge-service,RAG 与知识库,规划,kb_document_chunk,文档切片表,3,knowledge_base_id,BIGINT,知识库编号,
eap_knowledge,knowledge-service,RAG 与知识库,规划,kb_document_chunk,文档切片表,4,document_id,BIGINT,文档编号,
eap_knowledge,knowledge-service,RAG 与知识库,规划,kb_document_chunk,文档切片表,5,document_version_id,BIGINT,文档版本编号,
eap_knowledge,knowledge-service,RAG 与知识库,规划,kb_document_chunk,文档切片表,6,chunk_no,INT,文档版本内切片序号,
eap_knowledge,knowledge-service,RAG 与知识库,规划,kb_document_chunk,文档切片表,7,chunk_text,MEDIUMTEXT,切片正文,可能包含企业知识
eap_knowledge,knowledge-service,RAG 与知识库,规划,kb_document_chunk,文档切片表,8,chunk_hash,VARCHAR(128),切片内容摘要,用于去重和变更检测
eap_knowledge,knowledge-service,RAG 与知识库,规划,kb_document_chunk,文档切片表,9,token_count,INT,切片 Token 数,
eap_knowledge,knowledge-service,RAG 与知识库,规划,kb_document_chunk,文档切片表,10,char_count,INT,切片字符数,
eap_knowledge,knowledge-service,RAG 与知识库,规划,kb_document_chunk,文档切片表,11,page_no,INT,原文页码或逻辑页码,
eap_knowledge,knowledge-service,RAG 与知识库,规划,kb_document_chunk,文档切片表,12,section_title,VARCHAR(500),章节标题,
eap_knowledge,knowledge-service,RAG 与知识库,规划,kb_document_chunk,文档切片表,13,start_offset,BIGINT,提取正文中的起始字符偏移,
eap_knowledge,knowledge-service,RAG 与知识库,规划,kb_document_chunk,文档切片表,14,end_offset,BIGINT,结束字符偏移,
eap_knowledge,knowledge-service,RAG 与知识库,规划,kb_document_chunk,文档切片表,15,metadata_json,JSON,标题、表格、标签等元数据,
eap_knowledge,knowledge-service,RAG 与知识库,规划,kb_document_chunk,文档切片表,16,embedding_status,VARCHAR(20),向量化状态,PENDING/SUCCESS/FAILED
eap_knowledge,knowledge-service,RAG 与知识库,规划,kb_document_chunk,文档切片表,17,vector_id,VARCHAR(200),向量数据库记录编号,
eap_knowledge,knowledge-service,RAG 与知识库,规划,kb_document_chunk,文档切片表,18,created_at,DATETIME(3),创建时间,
eap_knowledge,knowledge-service,RAG 与知识库,规划,kb_document_chunk,文档切片表,19,updated_at,DATETIME(3),更新时间,
eap_knowledge,knowledge-service,RAG 与知识库,规划,kb_retrieval_log,检索日志表,1,id,BIGINT,检索日志主键,
eap_knowledge,knowledge-service,RAG 与知识库,规划,kb_retrieval_log,检索日志表,2,tenant_id,BIGINT,所属租户编号,
eap_knowledge,knowledge-service,RAG 与知识库,规划,kb_retrieval_log,检索日志表,3,request_id,VARCHAR(64),请求链路编号,
eap_knowledge,knowledge-service,RAG 与知识库,规划,kb_retrieval_log,检索日志表,4,conversation_id,BIGINT,关联 AI 会话编号,
eap_knowledge,knowledge-service,RAG 与知识库,规划,kb_retrieval_log,检索日志表,5,message_id,BIGINT,关联用户问题消息编号,
eap_knowledge,knowledge-service,RAG 与知识库,规划,kb_retrieval_log,检索日志表,6,user_id,BIGINT,发起用户编号,
eap_knowledge,knowledge-service,RAG 与知识库,规划,kb_retrieval_log,检索日志表,7,knowledge_base_id,BIGINT,知识库编号,
eap_knowledge,knowledge-service,RAG 与知识库,规划,kb_retrieval_log,检索日志表,8,retrieval_config_id,BIGINT,使用的检索配置编号,
eap_knowledge,knowledge-service,RAG 与知识库,规划,kb_retrieval_log,检索日志表,9,original_query,TEXT,用户原始检索问题,敏感
eap_knowledge,knowledge-service,RAG 与知识库,规划,kb_retrieval_log,检索日志表,10,rewritten_query,TEXT,改写后的检索问题,可为空；敏感
eap_knowledge,knowledge-service,RAG 与知识库,规划,kb_retrieval_log,检索日志表,11,top_k,INT,实际召回数量,
eap_knowledge,knowledge-service,RAG 与知识库,规划,kb_retrieval_log,检索日志表,12,score_threshold,"DECIMAL(8,6)",实际最低分阈值,
eap_knowledge,knowledge-service,RAG 与知识库,规划,kb_retrieval_log,检索日志表,13,retrieval_mode,VARCHAR(30),检索模式,VECTOR/KEYWORD/HYBRID
eap_knowledge,knowledge-service,RAG 与知识库,规划,kb_retrieval_log,检索日志表,14,latency_ms,BIGINT,检索总耗时,
eap_knowledge,knowledge-service,RAG 与知识库,规划,kb_retrieval_log,检索日志表,15,result_count,INT,检索命中数量,
eap_knowledge,knowledge-service,RAG 与知识库,规划,kb_retrieval_log,检索日志表,16,filter_json,JSON,实际元数据过滤条件,
eap_knowledge,knowledge-service,RAG 与知识库,规划,kb_retrieval_log,检索日志表,17,created_at,DATETIME(3),检索时间,
eap_knowledge,knowledge-service,RAG 与知识库,规划,kb_retrieval_hit,检索命中明细表,1,id,BIGINT,命中明细主键,
eap_knowledge,knowledge-service,RAG 与知识库,规划,kb_retrieval_hit,检索命中明细表,2,tenant_id,BIGINT,所属租户编号,
eap_knowledge,knowledge-service,RAG 与知识库,规划,kb_retrieval_hit,检索命中明细表,3,retrieval_log_id,BIGINT,检索日志编号,
eap_knowledge,knowledge-service,RAG 与知识库,规划,kb_retrieval_hit,检索命中明细表,4,rank_no,INT,最终排序名次,
eap_knowledge,knowledge-service,RAG 与知识库,规划,kb_retrieval_hit,检索命中明细表,5,chunk_id,BIGINT,命中切片编号,
eap_knowledge,knowledge-service,RAG 与知识库,规划,kb_retrieval_hit,检索命中明细表,6,document_id,BIGINT,命中文档编号,
eap_knowledge,knowledge-service,RAG 与知识库,规划,kb_retrieval_hit,检索命中明细表,7,vector_score,"DECIMAL(10,8)",向量相似度分数,
eap_knowledge,knowledge-service,RAG 与知识库,规划,kb_retrieval_hit,检索命中明细表,8,keyword_score,"DECIMAL(10,8)",关键词检索分数,
eap_knowledge,knowledge-service,RAG 与知识库,规划,kb_retrieval_hit,检索命中明细表,9,rerank_score,"DECIMAL(10,8)",重排模型分数,
eap_knowledge,knowledge-service,RAG 与知识库,规划,kb_retrieval_hit,检索命中明细表,10,final_score,"DECIMAL(10,8)",最终融合分数,
eap_knowledge,knowledge-service,RAG 与知识库,规划,kb_retrieval_hit,检索命中明细表,11,selected_for_context,TINYINT,是否进入模型上下文,
eap_knowledge,knowledge-service,RAG 与知识库,规划,kb_retrieval_hit,检索命中明细表,12,context_token_count,INT,进入上下文的 Token 数,
eap_knowledge,knowledge-service,RAG 与知识库,规划,kb_retrieval_hit,检索命中明细表,13,citation_label,VARCHAR(50),回答引用标签,如 [1]、[2]
eap_knowledge,knowledge-service,RAG 与知识库,规划,kb_retrieval_hit,检索命中明细表,14,created_at,DATETIME(3),创建时间,
eap_knowledge,knowledge-service,RAG 评测与调优,规划,kb_evaluation_dataset,RAG 评测数据集表,1,id,BIGINT,评测数据集主键,
eap_knowledge,knowledge-service,RAG 评测与调优,规划,kb_evaluation_dataset,RAG 评测数据集表,2,tenant_id,BIGINT,所属租户编号,
eap_knowledge,knowledge-service,RAG 评测与调优,规划,kb_evaluation_dataset,RAG 评测数据集表,3,knowledge_base_id,BIGINT,目标知识库编号,
eap_knowledge,knowledge-service,RAG 评测与调优,规划,kb_evaluation_dataset,RAG 评测数据集表,4,dataset_name,VARCHAR(150),数据集名称,
eap_knowledge,knowledge-service,RAG 评测与调优,规划,kb_evaluation_dataset,RAG 评测数据集表,5,description,VARCHAR(2000),数据集说明,
eap_knowledge,knowledge-service,RAG 评测与调优,规划,kb_evaluation_dataset,RAG 评测数据集表,6,status,TINYINT,数据集状态,
eap_knowledge,knowledge-service,RAG 评测与调优,规划,kb_evaluation_dataset,RAG 评测数据集表,7,version,INT,乐观锁版本号,
eap_knowledge,knowledge-service,RAG 评测与调优,规划,kb_evaluation_dataset,RAG 评测数据集表,8,deleted,TINYINT,逻辑删除标记,
eap_knowledge,knowledge-service,RAG 评测与调优,规划,kb_evaluation_dataset,RAG 评测数据集表,9,created_by,BIGINT,创建人用户编号,
eap_knowledge,knowledge-service,RAG 评测与调优,规划,kb_evaluation_dataset,RAG 评测数据集表,10,created_at,DATETIME(3),创建时间,
eap_knowledge,knowledge-service,RAG 评测与调优,规划,kb_evaluation_dataset,RAG 评测数据集表,11,updated_by,BIGINT,最后更新人用户编号,
eap_knowledge,knowledge-service,RAG 评测与调优,规划,kb_evaluation_dataset,RAG 评测数据集表,12,updated_at,DATETIME(3),最后更新时间,
eap_knowledge,knowledge-service,RAG 评测与调优,规划,kb_evaluation_case,RAG 评测用例表,1,id,BIGINT,评测用例主键,
eap_knowledge,knowledge-service,RAG 评测与调优,规划,kb_evaluation_case,RAG 评测用例表,2,tenant_id,BIGINT,所属租户编号,
eap_knowledge,knowledge-service,RAG 评测与调优,规划,kb_evaluation_case,RAG 评测用例表,3,dataset_id,BIGINT,评测数据集编号,
eap_knowledge,knowledge-service,RAG 评测与调优,规划,kb_evaluation_case,RAG 评测用例表,4,case_no,VARCHAR(100),用例编号,数据集内唯一
eap_knowledge,knowledge-service,RAG 评测与调优,规划,kb_evaluation_case,RAG 评测用例表,5,question,TEXT,评测问题,可能包含企业知识
eap_knowledge,knowledge-service,RAG 评测与调优,规划,kb_evaluation_case,RAG 评测用例表,6,reference_answer,MEDIUMTEXT,参考答案,
eap_knowledge,knowledge-service,RAG 评测与调优,规划,kb_evaluation_case,RAG 评测用例表,7,expected_document_ids_json,JSON,预期命中文档编号集合,
eap_knowledge,knowledge-service,RAG 评测与调优,规划,kb_evaluation_case,RAG 评测用例表,8,expected_chunk_ids_json,JSON,预期命中切片编号集合,
eap_knowledge,knowledge-service,RAG 评测与调优,规划,kb_evaluation_case,RAG 评测用例表,9,tags_json,JSON,业务领域和问题类型标签,
eap_knowledge,knowledge-service,RAG 评测与调优,规划,kb_evaluation_case,RAG 评测用例表,10,difficulty,VARCHAR(20),难度,EASY/MEDIUM/HARD
eap_knowledge,knowledge-service,RAG 评测与调优,规划,kb_evaluation_case,RAG 评测用例表,11,status,TINYINT,用例状态,
eap_knowledge,knowledge-service,RAG 评测与调优,规划,kb_evaluation_case,RAG 评测用例表,12,created_by,BIGINT,创建人用户编号,
eap_knowledge,knowledge-service,RAG 评测与调优,规划,kb_evaluation_case,RAG 评测用例表,13,created_at,DATETIME(3),创建时间,
eap_knowledge,knowledge-service,RAG 评测与调优,规划,kb_evaluation_case,RAG 评测用例表,14,updated_by,BIGINT,最后更新人用户编号,
eap_knowledge,knowledge-service,RAG 评测与调优,规划,kb_evaluation_case,RAG 评测用例表,15,updated_at,DATETIME(3),最后更新时间,
eap_knowledge,knowledge-service,RAG 评测与调优,规划,kb_evaluation_run,RAG 评测运行表,1,id,BIGINT,评测运行主键,
eap_knowledge,knowledge-service,RAG 评测与调优,规划,kb_evaluation_run,RAG 评测运行表,2,tenant_id,BIGINT,所属租户编号,
eap_knowledge,knowledge-service,RAG 评测与调优,规划,kb_evaluation_run,RAG 评测运行表,3,dataset_id,BIGINT,评测数据集编号,
eap_knowledge,knowledge-service,RAG 评测与调优,规划,kb_evaluation_run,RAG 评测运行表,4,knowledge_base_id,BIGINT,知识库编号,
eap_knowledge,knowledge-service,RAG 评测与调优,规划,kb_evaluation_run,RAG 评测运行表,5,retrieval_config_id,BIGINT,检索配置编号,
eap_knowledge,knowledge-service,RAG 评测与调优,规划,kb_evaluation_run,RAG 评测运行表,6,model_code,VARCHAR(100),生成回答使用的模型编码,
eap_knowledge,knowledge-service,RAG 评测与调优,规划,kb_evaluation_run,RAG 评测运行表,7,run_name,VARCHAR(150),评测运行名称,
eap_knowledge,knowledge-service,RAG 评测与调优,规划,kb_evaluation_run,RAG 评测运行表,8,run_status,VARCHAR(20),运行状态,PENDING/RUNNING/SUCCESS/FAILED/CANCELLED
eap_knowledge,knowledge-service,RAG 评测与调优,规划,kb_evaluation_run,RAG 评测运行表,9,total_cases,INT,用例总数,
eap_knowledge,knowledge-service,RAG 评测与调优,规划,kb_evaluation_run,RAG 评测运行表,10,completed_cases,INT,已完成用例数,
eap_knowledge,knowledge-service,RAG 评测与调优,规划,kb_evaluation_run,RAG 评测运行表,11,metrics_json,JSON,汇总指标,Precision、Recall、Faithfulness 等
eap_knowledge,knowledge-service,RAG 评测与调优,规划,kb_evaluation_run,RAG 评测运行表,12,started_by,BIGINT,发起评测用户编号,
eap_knowledge,knowledge-service,RAG 评测与调优,规划,kb_evaluation_run,RAG 评测运行表,13,started_at,DATETIME(3),开始时间,
eap_knowledge,knowledge-service,RAG 评测与调优,规划,kb_evaluation_run,RAG 评测运行表,14,finished_at,DATETIME(3),结束时间,
eap_knowledge,knowledge-service,RAG 评测与调优,规划,kb_evaluation_run,RAG 评测运行表,15,created_at,DATETIME(3),创建时间,
eap_knowledge,knowledge-service,RAG 评测与调优,规划,kb_evaluation_result,RAG 评测结果表,1,id,BIGINT,评测结果主键,
eap_knowledge,knowledge-service,RAG 评测与调优,规划,kb_evaluation_result,RAG 评测结果表,2,tenant_id,BIGINT,所属租户编号,
eap_knowledge,knowledge-service,RAG 评测与调优,规划,kb_evaluation_result,RAG 评测结果表,3,run_id,BIGINT,评测运行编号,
eap_knowledge,knowledge-service,RAG 评测与调优,规划,kb_evaluation_result,RAG 评测结果表,4,case_id,BIGINT,评测用例编号,
eap_knowledge,knowledge-service,RAG 评测与调优,规划,kb_evaluation_result,RAG 评测结果表,5,generated_answer,MEDIUMTEXT,模型生成答案,
eap_knowledge,knowledge-service,RAG 评测与调优,规划,kb_evaluation_result,RAG 评测结果表,6,retrieved_chunk_ids_json,JSON,实际命中切片编号集合,
eap_knowledge,knowledge-service,RAG 评测与调优,规划,kb_evaluation_result,RAG 评测结果表,7,precision_at_k,"DECIMAL(8,6)",Precision@K,
eap_knowledge,knowledge-service,RAG 评测与调优,规划,kb_evaluation_result,RAG 评测结果表,8,recall_at_k,"DECIMAL(8,6)",Recall@K,
eap_knowledge,knowledge-service,RAG 评测与调优,规划,kb_evaluation_result,RAG 评测结果表,9,faithfulness_score,"DECIMAL(8,6)",回答忠实度分数,
eap_knowledge,knowledge-service,RAG 评测与调优,规划,kb_evaluation_result,RAG 评测结果表,10,answer_relevance_score,"DECIMAL(8,6)",回答相关性分数,
eap_knowledge,knowledge-service,RAG 评测与调优,规划,kb_evaluation_result,RAG 评测结果表,11,latency_ms,BIGINT,单用例总耗时,
eap_knowledge,knowledge-service,RAG 评测与调优,规划,kb_evaluation_result,RAG 评测结果表,12,token_usage_json,JSON,Token 使用明细,
eap_knowledge,knowledge-service,RAG 评测与调优,规划,kb_evaluation_result,RAG 评测结果表,13,judge_detail_json,JSON,评审模型或人工评审详情,
eap_knowledge,knowledge-service,RAG 评测与调优,规划,kb_evaluation_result,RAG 评测结果表,14,error_code,VARCHAR(100),失败错误码,
eap_knowledge,knowledge-service,RAG 评测与调优,规划,kb_evaluation_result,RAG 评测结果表,15,created_at,DATETIME(3),创建时间,
eap_agent,agent-service,Agent 与 MCP,规划,agent_definition,Agent 定义表,1,id,BIGINT,Agent 主键,
eap_agent,agent-service,Agent 与 MCP,规划,agent_definition,Agent 定义表,2,tenant_id,BIGINT,所属租户编号,
eap_agent,agent-service,Agent 与 MCP,规划,agent_definition,Agent 定义表,3,agent_code,VARCHAR(100),Agent 编码,租户内唯一
eap_agent,agent-service,Agent 与 MCP,规划,agent_definition,Agent 定义表,4,agent_name,VARCHAR(150),Agent 名称,
eap_agent,agent-service,Agent 与 MCP,规划,agent_definition,Agent 定义表,5,description,VARCHAR(2000),Agent 用途说明,
eap_agent,agent-service,Agent 与 MCP,规划,agent_definition,Agent 定义表,6,owner_user_id,BIGINT,Agent 负责人用户编号,
eap_agent,agent-service,Agent 与 MCP,规划,agent_definition,Agent 定义表,7,active_version_id,BIGINT,当前生效版本编号,
eap_agent,agent-service,Agent 与 MCP,规划,agent_definition,Agent 定义表,8,visibility,VARCHAR(20),可见范围,PRIVATE/TENANT/PUBLIC
eap_agent,agent-service,Agent 与 MCP,规划,agent_definition,Agent 定义表,9,status,TINYINT,Agent 状态,
eap_agent,agent-service,Agent 与 MCP,规划,agent_definition,Agent 定义表,10,version,INT,乐观锁版本号,
eap_agent,agent-service,Agent 与 MCP,规划,agent_definition,Agent 定义表,11,deleted,TINYINT,逻辑删除标记,
eap_agent,agent-service,Agent 与 MCP,规划,agent_definition,Agent 定义表,12,created_by,BIGINT,创建人用户编号,
eap_agent,agent-service,Agent 与 MCP,规划,agent_definition,Agent 定义表,13,created_at,DATETIME(3),创建时间,
eap_agent,agent-service,Agent 与 MCP,规划,agent_definition,Agent 定义表,14,updated_by,BIGINT,最后更新人用户编号,
eap_agent,agent-service,Agent 与 MCP,规划,agent_definition,Agent 定义表,15,updated_at,DATETIME(3),最后更新时间,
eap_agent,agent-service,Agent 与 MCP,规划,agent_version,Agent 版本表,1,id,BIGINT,Agent 版本主键,
eap_agent,agent-service,Agent 与 MCP,规划,agent_version,Agent 版本表,2,tenant_id,BIGINT,所属租户编号,
eap_agent,agent-service,Agent 与 MCP,规划,agent_version,Agent 版本表,3,agent_id,BIGINT,Agent 编号,
eap_agent,agent-service,Agent 与 MCP,规划,agent_version,Agent 版本表,4,version_no,INT,版本号,同一 Agent 内递增
eap_agent,agent-service,Agent 与 MCP,规划,agent_version,Agent 版本表,5,system_prompt,MEDIUMTEXT,Agent 系统提示词,敏感
eap_agent,agent-service,Agent 与 MCP,规划,agent_version,Agent 版本表,6,model_code,VARCHAR(100),默认模型编码,
eap_agent,agent-service,Agent 与 MCP,规划,agent_version,Agent 版本表,7,knowledge_base_ids_json,JSON,可访问知识库编号集合,
eap_agent,agent-service,Agent 与 MCP,规划,agent_version,Agent 版本表,8,memory_strategy,VARCHAR(30),记忆策略,NONE/CONVERSATION/SUMMARY/VECTOR
eap_agent,agent-service,Agent 与 MCP,规划,agent_version,Agent 版本表,9,max_iterations,INT,最大推理和工具迭代次数,
eap_agent,agent-service,Agent 与 MCP,规划,agent_version,Agent 版本表,10,timeout_ms,INT,单次 Agent 运行超时,
eap_agent,agent-service,Agent 与 MCP,规划,agent_version,Agent 版本表,11,parameters_json,JSON,模型和执行参数,
eap_agent,agent-service,Agent 与 MCP,规划,agent_version,Agent 版本表,12,publish_status,VARCHAR(20),版本状态,DRAFT/PUBLISHED/RETIRED
eap_agent,agent-service,Agent 与 MCP,规划,agent_version,Agent 版本表,13,change_note,VARCHAR(1000),版本变更说明,
eap_agent,agent-service,Agent 与 MCP,规划,agent_version,Agent 版本表,14,published_by,BIGINT,发布人用户编号,
eap_agent,agent-service,Agent 与 MCP,规划,agent_version,Agent 版本表,15,published_at,DATETIME(3),发布时间,
eap_agent,agent-service,Agent 与 MCP,规划,agent_version,Agent 版本表,16,created_by,BIGINT,创建人用户编号,
eap_agent,agent-service,Agent 与 MCP,规划,agent_version,Agent 版本表,17,created_at,DATETIME(3),创建时间,
eap_agent,agent-service,Agent 与 MCP,规划,agent_run,Agent 运行表,1,id,BIGINT,Agent 运行主键,
eap_agent,agent-service,Agent 与 MCP,规划,agent_run,Agent 运行表,2,tenant_id,BIGINT,所属租户编号,
eap_agent,agent-service,Agent 与 MCP,规划,agent_run,Agent 运行表,3,agent_id,BIGINT,Agent 编号,
eap_agent,agent-service,Agent 与 MCP,规划,agent_run,Agent 运行表,4,agent_version_id,BIGINT,执行时使用的 Agent 版本,
eap_agent,agent-service,Agent 与 MCP,规划,agent_run,Agent 运行表,5,conversation_id,BIGINT,关联 AI 会话编号,
eap_agent,agent-service,Agent 与 MCP,规划,agent_run,Agent 运行表,6,user_id,BIGINT,发起用户编号,
eap_agent,agent-service,Agent 与 MCP,规划,agent_run,Agent 运行表,7,request_id,VARCHAR(64),请求链路编号,
eap_agent,agent-service,Agent 与 MCP,规划,agent_run,Agent 运行表,8,input_text,MEDIUMTEXT,用户输入,敏感
eap_agent,agent-service,Agent 与 MCP,规划,agent_run,Agent 运行表,9,run_status,VARCHAR(20),运行状态,PENDING/RUNNING/SUCCESS/FAILED/CANCELLED/TIMEOUT
eap_agent,agent-service,Agent 与 MCP,规划,agent_run,Agent 运行表,10,final_output,MEDIUMTEXT,Agent 最终输出,敏感
eap_agent,agent-service,Agent 与 MCP,规划,agent_run,Agent 运行表,11,iteration_count,INT,实际迭代次数,
eap_agent,agent-service,Agent 与 MCP,规划,agent_run,Agent 运行表,12,prompt_tokens,INT,输入 Token 总数,
eap_agent,agent-service,Agent 与 MCP,规划,agent_run,Agent 运行表,13,completion_tokens,INT,输出 Token 总数,
eap_agent,agent-service,Agent 与 MCP,规划,agent_run,Agent 运行表,14,total_tokens,INT,Token 总数,
eap_agent,agent-service,Agent 与 MCP,规划,agent_run,Agent 运行表,15,latency_ms,BIGINT,运行总耗时,
eap_agent,agent-service,Agent 与 MCP,规划,agent_run,Agent 运行表,16,error_code,VARCHAR(100),失败错误码,
eap_agent,agent-service,Agent 与 MCP,规划,agent_run,Agent 运行表,17,error_message,VARCHAR(2000),脱敏后的失败说明,
eap_agent,agent-service,Agent 与 MCP,规划,agent_run,Agent 运行表,18,started_at,DATETIME(3),开始时间,
eap_agent,agent-service,Agent 与 MCP,规划,agent_run,Agent 运行表,19,finished_at,DATETIME(3),结束时间,
eap_agent,agent-service,Agent 与 MCP,规划,agent_run,Agent 运行表,20,created_at,DATETIME(3),创建时间,
eap_agent,agent-service,Agent 与 MCP,规划,agent_run_step,Agent 运行步骤表,1,id,BIGINT,运行步骤主键,
eap_agent,agent-service,Agent 与 MCP,规划,agent_run_step,Agent 运行步骤表,2,tenant_id,BIGINT,所属租户编号,
eap_agent,agent-service,Agent 与 MCP,规划,agent_run_step,Agent 运行步骤表,3,run_id,BIGINT,Agent 运行编号,
eap_agent,agent-service,Agent 与 MCP,规划,agent_run_step,Agent 运行步骤表,4,step_no,INT,步骤序号,
eap_agent,agent-service,Agent 与 MCP,规划,agent_run_step,Agent 运行步骤表,5,step_type,VARCHAR(30),步骤类型,PLAN/MODEL/RETRIEVAL/TOOL/FINAL
eap_agent,agent-service,Agent 与 MCP,规划,agent_run_step,Agent 运行步骤表,6,step_status,VARCHAR(20),步骤状态,PENDING/RUNNING/SUCCESS/FAILED/SKIPPED
eap_agent,agent-service,Agent 与 MCP,规划,agent_run_step,Agent 运行步骤表,7,input_json,JSON,步骤输入快照,字段级脱敏
eap_agent,agent-service,Agent 与 MCP,规划,agent_run_step,Agent 运行步骤表,8,output_json,JSON,步骤输出快照,字段级脱敏
eap_agent,agent-service,Agent 与 MCP,规划,agent_run_step,Agent 运行步骤表,9,reasoning_summary,TEXT,面向运维的决策摘要,只保存可审计摘要，不保存隐藏推理过程
eap_agent,agent-service,Agent 与 MCP,规划,agent_run_step,Agent 运行步骤表,10,tool_name,VARCHAR(150),涉及的工具名称,
eap_agent,agent-service,Agent 与 MCP,规划,agent_run_step,Agent 运行步骤表,11,tool_call_id,BIGINT,工具调用记录编号,
eap_agent,agent-service,Agent 与 MCP,规划,agent_run_step,Agent 运行步骤表,12,started_at,DATETIME(3),步骤开始时间,
eap_agent,agent-service,Agent 与 MCP,规划,agent_run_step,Agent 运行步骤表,13,finished_at,DATETIME(3),步骤结束时间,
eap_agent,agent-service,Agent 与 MCP,规划,agent_run_step,Agent 运行步骤表,14,latency_ms,BIGINT,步骤耗时,
eap_agent,agent-service,Agent 与 MCP,规划,agent_run_step,Agent 运行步骤表,15,error_code,VARCHAR(100),失败错误码,
eap_agent,agent-service,Agent 与 MCP,规划,agent_run_step,Agent 运行步骤表,16,error_message,VARCHAR(2000),脱敏后的失败说明,
eap_agent,agent-service,Agent 与 MCP,规划,agent_run_step,Agent 运行步骤表,17,created_at,DATETIME(3),创建时间,
eap_agent,agent-service,Agent 与 MCP,规划,agent_tool,Agent 工具定义表,1,id,BIGINT,工具主键,
eap_agent,agent-service,Agent 与 MCP,规划,agent_tool,Agent 工具定义表,2,tenant_id,BIGINT,所属租户编号,
eap_agent,agent-service,Agent 与 MCP,规划,agent_tool,Agent 工具定义表,3,tool_code,VARCHAR(100),工具编码,租户内唯一
eap_agent,agent-service,Agent 与 MCP,规划,agent_tool,Agent 工具定义表,4,tool_name,VARCHAR(150),工具名称,
eap_agent,agent-service,Agent 与 MCP,规划,agent_tool,Agent 工具定义表,5,tool_type,VARCHAR(20),工具类型,JAVA/HTTP/MCP
eap_agent,agent-service,Agent 与 MCP,规划,agent_tool,Agent 工具定义表,6,description,VARCHAR(2000),工具用途说明,
eap_agent,agent-service,Agent 与 MCP,规划,agent_tool,Agent 工具定义表,7,input_schema_json,JSON,输入 JSON Schema,
eap_agent,agent-service,Agent 与 MCP,规划,agent_tool,Agent 工具定义表,8,output_schema_json,JSON,输出 JSON Schema,
eap_agent,agent-service,Agent 与 MCP,规划,agent_tool,Agent 工具定义表,9,endpoint_url,VARCHAR(1000),HTTP 工具目标地址,敏感
eap_agent,agent-service,Agent 与 MCP,规划,agent_tool,Agent 工具定义表,10,http_method,VARCHAR(10),HTTP 请求方法,
eap_agent,agent-service,Agent 与 MCP,规划,agent_tool,Agent 工具定义表,11,auth_type,VARCHAR(30),认证类型,NONE/API_KEY/BEARER/OAUTH2/MCP
eap_agent,agent-service,Agent 与 MCP,规划,agent_tool,Agent 工具定义表,12,auth_config_ciphertext,TEXT,加密后的认证配置,禁止回显
eap_agent,agent-service,Agent 与 MCP,规划,agent_tool,Agent 工具定义表,13,timeout_ms,INT,调用超时时间,
eap_agent,agent-service,Agent 与 MCP,规划,agent_tool,Agent 工具定义表,14,retry_policy_json,JSON,重试策略,
eap_agent,agent-service,Agent 与 MCP,规划,agent_tool,Agent 工具定义表,15,status,TINYINT,工具状态,
eap_agent,agent-service,Agent 与 MCP,规划,agent_tool,Agent 工具定义表,16,version,INT,乐观锁版本号,
eap_agent,agent-service,Agent 与 MCP,规划,agent_tool,Agent 工具定义表,17,deleted,TINYINT,逻辑删除标记,
eap_agent,agent-service,Agent 与 MCP,规划,agent_tool,Agent 工具定义表,18,created_by,BIGINT,创建人用户编号,
eap_agent,agent-service,Agent 与 MCP,规划,agent_tool,Agent 工具定义表,19,created_at,DATETIME(3),创建时间,
eap_agent,agent-service,Agent 与 MCP,规划,agent_tool,Agent 工具定义表,20,updated_by,BIGINT,最后更新人用户编号,
eap_agent,agent-service,Agent 与 MCP,规划,agent_tool,Agent 工具定义表,21,updated_at,DATETIME(3),最后更新时间,
eap_agent,agent-service,Agent 与 MCP,规划,agent_tool_binding,Agent 工具绑定表,1,id,BIGINT,绑定主键,
eap_agent,agent-service,Agent 与 MCP,规划,agent_tool_binding,Agent 工具绑定表,2,tenant_id,BIGINT,所属租户编号,
eap_agent,agent-service,Agent 与 MCP,规划,agent_tool_binding,Agent 工具绑定表,3,agent_id,BIGINT,Agent 编号,
eap_agent,agent-service,Agent 与 MCP,规划,agent_tool_binding,Agent 工具绑定表,4,agent_version_id,BIGINT,Agent 版本编号,为空表示定义级默认绑定
eap_agent,agent-service,Agent 与 MCP,规划,agent_tool_binding,Agent 工具绑定表,5,tool_id,BIGINT,工具编号,
eap_agent,agent-service,Agent 与 MCP,规划,agent_tool_binding,Agent 工具绑定表,6,enabled,TINYINT,是否启用,
eap_agent,agent-service,Agent 与 MCP,规划,agent_tool_binding,Agent 工具绑定表,7,permission_mode,VARCHAR(20),调用审批模式,AUTO/CONFIRM/DENY
eap_agent,agent-service,Agent 与 MCP,规划,agent_tool_binding,Agent 工具绑定表,8,config_json,JSON,该 Agent 的工具参数覆盖,
eap_agent,agent-service,Agent 与 MCP,规划,agent_tool_binding,Agent 工具绑定表,9,sort_order,INT,工具展示或选择顺序,
eap_agent,agent-service,Agent 与 MCP,规划,agent_tool_binding,Agent 工具绑定表,10,created_by,BIGINT,创建人用户编号,
eap_agent,agent-service,Agent 与 MCP,规划,agent_tool_binding,Agent 工具绑定表,11,created_at,DATETIME(3),创建时间,
eap_agent,agent-service,Agent 与 MCP,规划,agent_tool_call,工具调用记录表,1,id,BIGINT,工具调用主键,
eap_agent,agent-service,Agent 与 MCP,规划,agent_tool_call,工具调用记录表,2,tenant_id,BIGINT,所属租户编号,
eap_agent,agent-service,Agent 与 MCP,规划,agent_tool_call,工具调用记录表,3,run_id,BIGINT,Agent 运行编号,
eap_agent,agent-service,Agent 与 MCP,规划,agent_tool_call,工具调用记录表,4,step_id,BIGINT,Agent 运行步骤编号,
eap_agent,agent-service,Agent 与 MCP,规划,agent_tool_call,工具调用记录表,5,tool_id,BIGINT,统一工具编号,
eap_agent,agent-service,Agent 与 MCP,规划,agent_tool_call,工具调用记录表,6,mcp_server_id,BIGINT,MCP Server 编号,
eap_agent,agent-service,Agent 与 MCP,规划,agent_tool_call,工具调用记录表,7,mcp_tool_id,BIGINT,MCP 工具编号,
eap_agent,agent-service,Agent 与 MCP,规划,agent_tool_call,工具调用记录表,8,call_id,VARCHAR(100),调用唯一标识,用于幂等和链路追踪
eap_agent,agent-service,Agent 与 MCP,规划,agent_tool_call,工具调用记录表,9,request_json,JSON,脱敏后的调用参数,敏感
eap_agent,agent-service,Agent 与 MCP,规划,agent_tool_call,工具调用记录表,10,response_json,JSON,脱敏后的调用结果,敏感
eap_agent,agent-service,Agent 与 MCP,规划,agent_tool_call,工具调用记录表,11,call_status,VARCHAR(20),调用状态,PENDING/RUNNING/SUCCESS/FAILED/TIMEOUT/CANCELLED
eap_agent,agent-service,Agent 与 MCP,规划,agent_tool_call,工具调用记录表,12,latency_ms,BIGINT,调用耗时,
eap_agent,agent-service,Agent 与 MCP,规划,agent_tool_call,工具调用记录表,13,retry_count,INT,重试次数,
eap_agent,agent-service,Agent 与 MCP,规划,agent_tool_call,工具调用记录表,14,error_code,VARCHAR(100),失败错误码,
eap_agent,agent-service,Agent 与 MCP,规划,agent_tool_call,工具调用记录表,15,error_message,VARCHAR(2000),脱敏后的失败说明,
eap_agent,agent-service,Agent 与 MCP,规划,agent_tool_call,工具调用记录表,16,started_at,DATETIME(3),调用开始时间,
eap_agent,agent-service,Agent 与 MCP,规划,agent_tool_call,工具调用记录表,17,finished_at,DATETIME(3),调用结束时间,
eap_agent,agent-service,Agent 与 MCP,规划,agent_tool_call,工具调用记录表,18,created_at,DATETIME(3),创建时间,
eap_agent,agent-service,Agent 与 MCP,规划,mcp_server,MCP Server 配置表,1,id,BIGINT,MCP Server 主键,
eap_agent,agent-service,Agent 与 MCP,规划,mcp_server,MCP Server 配置表,2,tenant_id,BIGINT,所属租户编号,
eap_agent,agent-service,Agent 与 MCP,规划,mcp_server,MCP Server 配置表,3,server_code,VARCHAR(100),Server 编码,租户内唯一
eap_agent,agent-service,Agent 与 MCP,规划,mcp_server,MCP Server 配置表,4,server_name,VARCHAR(150),Server 名称,
eap_agent,agent-service,Agent 与 MCP,规划,mcp_server,MCP Server 配置表,5,transport_type,VARCHAR(30),传输方式,STDIO/SSE/STREAMABLE_HTTP
eap_agent,agent-service,Agent 与 MCP,规划,mcp_server,MCP Server 配置表,6,endpoint_url,VARCHAR(1000),远程 MCP 地址,敏感
eap_agent,agent-service,Agent 与 MCP,规划,mcp_server,MCP Server 配置表,7,command,VARCHAR(500),STDIO 启动命令,仅允许受控白名单
eap_agent,agent-service,Agent 与 MCP,规划,mcp_server,MCP Server 配置表,8,args_json,JSON,STDIO 启动参数,敏感
eap_agent,agent-service,Agent 与 MCP,规划,mcp_server,MCP Server 配置表,9,environment_ciphertext,TEXT,加密后的环境变量,最高机密
eap_agent,agent-service,Agent 与 MCP,规划,mcp_server,MCP Server 配置表,10,headers_ciphertext,TEXT,加密后的请求头,最高机密
eap_agent,agent-service,Agent 与 MCP,规划,mcp_server,MCP Server 配置表,11,protocol_version,VARCHAR(30),最近协商的 MCP 协议版本,
eap_agent,agent-service,Agent 与 MCP,规划,mcp_server,MCP Server 配置表,12,health_status,VARCHAR(20),健康状态,UNKNOWN/UP/DOWN/DEGRADED
eap_agent,agent-service,Agent 与 MCP,规划,mcp_server,MCP Server 配置表,13,last_health_check_at,DATETIME(3),最后健康检查时间,
eap_agent,agent-service,Agent 与 MCP,规划,mcp_server,MCP Server 配置表,14,status,TINYINT,配置状态,
eap_agent,agent-service,Agent 与 MCP,规划,mcp_server,MCP Server 配置表,15,version,INT,乐观锁版本号,
eap_agent,agent-service,Agent 与 MCP,规划,mcp_server,MCP Server 配置表,16,deleted,TINYINT,逻辑删除标记,
eap_agent,agent-service,Agent 与 MCP,规划,mcp_server,MCP Server 配置表,17,created_by,BIGINT,创建人用户编号,
eap_agent,agent-service,Agent 与 MCP,规划,mcp_server,MCP Server 配置表,18,created_at,DATETIME(3),创建时间,
eap_agent,agent-service,Agent 与 MCP,规划,mcp_server,MCP Server 配置表,19,updated_by,BIGINT,最后更新人用户编号,
eap_agent,agent-service,Agent 与 MCP,规划,mcp_server,MCP Server 配置表,20,updated_at,DATETIME(3),最后更新时间,
eap_agent,agent-service,Agent 与 MCP,规划,mcp_tool,MCP 工具目录表,1,id,BIGINT,MCP 工具主键,
eap_agent,agent-service,Agent 与 MCP,规划,mcp_tool,MCP 工具目录表,2,tenant_id,BIGINT,所属租户编号,
eap_agent,agent-service,Agent 与 MCP,规划,mcp_tool,MCP 工具目录表,3,server_id,BIGINT,MCP Server 编号,
eap_agent,agent-service,Agent 与 MCP,规划,mcp_tool,MCP 工具目录表,4,tool_name,VARCHAR(200),协议工具名称,
eap_agent,agent-service,Agent 与 MCP,规划,mcp_tool,MCP 工具目录表,5,display_name,VARCHAR(200),平台展示名称,
eap_agent,agent-service,Agent 与 MCP,规划,mcp_tool,MCP 工具目录表,6,description,TEXT,工具说明,
eap_agent,agent-service,Agent 与 MCP,规划,mcp_tool,MCP 工具目录表,7,input_schema_json,JSON,输入 JSON Schema,
eap_agent,agent-service,Agent 与 MCP,规划,mcp_tool,MCP 工具目录表,8,output_schema_json,JSON,输出 JSON Schema,
eap_agent,agent-service,Agent 与 MCP,规划,mcp_tool,MCP 工具目录表,9,enabled,TINYINT,是否允许使用,
eap_agent,agent-service,Agent 与 MCP,规划,mcp_tool,MCP 工具目录表,10,discovered_at,DATETIME(3),最近发现时间,
eap_agent,agent-service,Agent 与 MCP,规划,mcp_tool,MCP 工具目录表,11,schema_hash,VARCHAR(128),能力 Schema 摘要,用于检测服务端变更
eap_agent,agent-service,Agent 与 MCP,规划,mcp_tool,MCP 工具目录表,12,created_at,DATETIME(3),创建时间,
eap_agent,agent-service,Agent 与 MCP,规划,mcp_tool,MCP 工具目录表,13,updated_at,DATETIME(3),更新时间,
eap_agent,agent-service,Agent 与 MCP,规划,mcp_resource,MCP 资源目录表,1,id,BIGINT,MCP 资源主键,
eap_agent,agent-service,Agent 与 MCP,规划,mcp_resource,MCP 资源目录表,2,tenant_id,BIGINT,所属租户编号,
eap_agent,agent-service,Agent 与 MCP,规划,mcp_resource,MCP 资源目录表,3,server_id,BIGINT,MCP Server 编号,
eap_agent,agent-service,Agent 与 MCP,规划,mcp_resource,MCP 资源目录表,4,resource_uri,VARCHAR(1000),MCP 资源 URI,敏感
eap_agent,agent-service,Agent 与 MCP,规划,mcp_resource,MCP 资源目录表,5,resource_name,VARCHAR(255),资源名称,
eap_agent,agent-service,Agent 与 MCP,规划,mcp_resource,MCP 资源目录表,6,description,TEXT,资源说明,
eap_agent,agent-service,Agent 与 MCP,规划,mcp_resource,MCP 资源目录表,7,mime_type,VARCHAR(100),资源 MIME 类型,
eap_agent,agent-service,Agent 与 MCP,规划,mcp_resource,MCP 资源目录表,8,enabled,TINYINT,是否允许读取,
eap_agent,agent-service,Agent 与 MCP,规划,mcp_resource,MCP 资源目录表,9,discovered_at,DATETIME(3),最近发现时间,
eap_agent,agent-service,Agent 与 MCP,规划,mcp_resource,MCP 资源目录表,10,metadata_json,JSON,资源扩展元数据,
eap_agent,agent-service,Agent 与 MCP,规划,mcp_resource,MCP 资源目录表,11,created_at,DATETIME(3),创建时间,
eap_agent,agent-service,Agent 与 MCP,规划,mcp_resource,MCP 资源目录表,12,updated_at,DATETIME(3),更新时间,
eap_agent,agent-service,Agent 与 MCP,规划,mcp_prompt,MCP Prompt 目录表,1,id,BIGINT,MCP Prompt 主键,
eap_agent,agent-service,Agent 与 MCP,规划,mcp_prompt,MCP Prompt 目录表,2,tenant_id,BIGINT,所属租户编号,
eap_agent,agent-service,Agent 与 MCP,规划,mcp_prompt,MCP Prompt 目录表,3,server_id,BIGINT,MCP Server 编号,
eap_agent,agent-service,Agent 与 MCP,规划,mcp_prompt,MCP Prompt 目录表,4,prompt_name,VARCHAR(200),协议 Prompt 名称,
eap_agent,agent-service,Agent 与 MCP,规划,mcp_prompt,MCP Prompt 目录表,5,description,TEXT,Prompt 说明,
eap_agent,agent-service,Agent 与 MCP,规划,mcp_prompt,MCP Prompt 目录表,6,arguments_schema_json,JSON,Prompt 参数定义,
eap_agent,agent-service,Agent 与 MCP,规划,mcp_prompt,MCP Prompt 目录表,7,enabled,TINYINT,是否允许使用,
eap_agent,agent-service,Agent 与 MCP,规划,mcp_prompt,MCP Prompt 目录表,8,discovered_at,DATETIME(3),最近发现时间,
eap_agent,agent-service,Agent 与 MCP,规划,mcp_prompt,MCP Prompt 目录表,9,created_at,DATETIME(3),创建时间,
eap_agent,agent-service,Agent 与 MCP,规划,mcp_prompt,MCP Prompt 目录表,10,updated_at,DATETIME(3),更新时间,
eap_agent,agent-service,Agent 与 MCP,规划,mcp_server_sync_log,MCP 能力同步日志表,1,id,BIGINT,同步日志主键,
eap_agent,agent-service,Agent 与 MCP,规划,mcp_server_sync_log,MCP 能力同步日志表,2,tenant_id,BIGINT,所属租户编号,
eap_agent,agent-service,Agent 与 MCP,规划,mcp_server_sync_log,MCP 能力同步日志表,3,server_id,BIGINT,MCP Server 编号,
eap_agent,agent-service,Agent 与 MCP,规划,mcp_server_sync_log,MCP 能力同步日志表,4,sync_status,VARCHAR(20),同步状态,RUNNING/SUCCESS/FAILED
eap_agent,agent-service,Agent 与 MCP,规划,mcp_server_sync_log,MCP 能力同步日志表,5,tool_count,INT,发现工具数量,
eap_agent,agent-service,Agent 与 MCP,规划,mcp_server_sync_log,MCP 能力同步日志表,6,resource_count,INT,发现资源数量,
eap_agent,agent-service,Agent 与 MCP,规划,mcp_server_sync_log,MCP 能力同步日志表,7,prompt_count,INT,发现 Prompt 数量,
eap_agent,agent-service,Agent 与 MCP,规划,mcp_server_sync_log,MCP 能力同步日志表,8,schema_changed_count,INT,Schema 发生变化的能力数量,
eap_agent,agent-service,Agent 与 MCP,规划,mcp_server_sync_log,MCP 能力同步日志表,9,error_code,VARCHAR(100),失败错误码,
eap_agent,agent-service,Agent 与 MCP,规划,mcp_server_sync_log,MCP 能力同步日志表,10,error_message,VARCHAR(2000),脱敏后的失败说明,
eap_agent,agent-service,Agent 与 MCP,规划,mcp_server_sync_log,MCP 能力同步日志表,11,started_at,DATETIME(3),同步开始时间,
eap_agent,agent-service,Agent 与 MCP,规划,mcp_server_sync_log,MCP 能力同步日志表,12,finished_at,DATETIME(3),同步结束时间,
eap_agent,agent-service,Agent 与 MCP,规划,mcp_server_sync_log,MCP 能力同步日志表,13,created_at,DATETIME(3),创建时间,
